batter,balls_faced,total_runs,dots,ones,twos,threes,fours,sixes,wickets,p_dot,p_1,p_2,p_3,p_4,p_6,p_wicket
A Ashish Reddy,193,280,44,83,20,1,16,15,15,0.22797927461139897,0.43005181347150256,0.10362694300518134,0.0051813471502590676,0.08290155440414508,0.07772020725388601,0.07772020725388601
A Badoni,1061,1479,286,438,88,7,127,56,60,0.2695570216776626,0.412818096135721,0.08294062205466542,0.006597549481621112,0.11969839773798303,0.0527803958529689,0.05655042412818096
A Chopra,71,53,36,21,2,0,7,0,5,0.5070422535211268,0.29577464788732394,0.028169014084507043,0.0,0.09859154929577464,0.0,0.07042253521126761
A Flintoff,53,62,18,23,2,1,5,2,2,0.33962264150943394,0.4339622641509434,0.03773584905660377,0.018867924528301886,0.09433962264150944,0.03773584905660377,0.03773584905660377
A Kamboj,104,133,28,55,5,0,8,6,2,0.2692307692307692,0.5288461538461539,0.04807692307692308,0.0,0.07692307692307693,0.057692307692307696,0.019230769230769232
A Manohar,235,292,72,98,9,0,23,14,19,0.30638297872340425,0.41702127659574467,0.03829787234042553,0.0,0.09787234042553192,0.059574468085106386,0.08085106382978724
A Mhatre,466,843,133,152,18,3,91,47,22,0.2854077253218884,0.3261802575107296,0.03862660944206009,0.006437768240343348,0.19527896995708155,0.10085836909871244,0.04721030042918455
A Mishra,419,381,150,183,22,0,31,5,30,0.35799522673031026,0.43675417661097854,0.05250596658711217,0.0,0.07398568019093078,0.011933174224343675,0.07159904534606205
A Nehra,62,41,28,21,1,0,3,1,8,0.45161290322580644,0.3387096774193548,0.016129032258064516,0.0,0.04838709677419355,0.016129032258064516,0.12903225806451613
A Nortje,52,49,18,17,1,2,6,0,8,0.34615384615384615,0.3269230769230769,0.019230769230769232,0.038461538461538464,0.11538461538461539,0.0,0.15384615384615385
A Raghuvanshi,764,1090,230,302,32,5,118,37,37,0.3010471204188482,0.39528795811518325,0.041884816753926704,0.006544502617801047,0.1544502617801047,0.04842931937172775,0.04842931937172775
A Symonds,750,974,252,288,66,4,74,41,26,0.336,0.384,0.088,0.005333333333333333,0.09866666666666667,0.05466666666666667,0.034666666666666665
AA Bilakhia,85,69,35,31,9,0,5,0,5,0.4117647058823529,0.36470588235294116,0.10588235294117647,0.0,0.058823529411764705,0.0,0.058823529411764705
AA Jhunjhunwala,210,217,78,82,13,1,19,5,14,0.37142857142857144,0.3904761904761905,0.06190476190476191,0.004761904761904762,0.09047619047619047,0.023809523809523808,0.06666666666666667
AB Agarkar,154,179,46,67,15,0,13,5,8,0.2987012987012987,0.43506493506493504,0.09740259740259741,0.0,0.08441558441558442,0.032467532467532464,0.05194805194805195
AB McDonald,100,123,30,42,9,1,9,4,5,0.3,0.42,0.09,0.01,0.09,0.04,0.05
AB de Villiers,3411,5181,918,1420,268,17,414,253,125,0.2691292875989446,0.41630020521841105,0.07856933450600997,0.004983875696276752,0.12137203166226913,0.07417179712694225,0.03664614482556435
AC Blizzard,90,120,40,17,2,1,21,2,7,0.4444444444444444,0.18888888888888888,0.022222222222222223,0.011111111111111112,0.23333333333333334,0.022222222222222223,0.07777777777777778
AC Gilchrist,1495,2069,602,417,66,4,239,92,76,0.40267558528428093,0.27892976588628765,0.04414715719063545,0.0026755852842809363,0.15986622073578596,0.06153846153846154,0.050836120401337795
AC Voges,143,181,40,61,18,2,15,3,6,0.27972027972027974,0.42657342657342656,0.1258741258741259,0.013986013986013986,0.1048951048951049,0.02097902097902098,0.04195804195804196
AD Hales,118,148,41,44,8,0,13,6,6,0.3474576271186441,0.3728813559322034,0.06779661016949153,0.0,0.11016949152542373,0.05084745762711865,0.05084745762711865
AD Mascarenhas,78,79,19,35,9,0,5,1,10,0.24358974358974358,0.44871794871794873,0.11538461538461539,0.0,0.0641025641025641,0.01282051282051282,0.1282051282051282
AD Mathews,575,724,153,267,49,3,44,29,31,0.26608695652173914,0.4643478260869565,0.08521739130434783,0.0052173913043478265,0.07652173913043478,0.050434782608695654,0.05391304347826087
AD Nath,98,90,34,40,5,0,7,2,10,0.3469387755102041,0.40816326530612246,0.05102040816326531,0.0,0.07142857142857142,0.02040816326530612,0.10204081632653061
AD Russell,1525,2655,515,449,60,0,187,223,92,0.3377049180327869,0.29442622950819675,0.03934426229508197,0.0,0.12262295081967213,0.14622950819672131,0.06032786885245902
AG Paunikar,58,49,33,9,2,0,9,0,5,0.5689655172413793,0.15517241379310345,0.034482758620689655,0.0,0.15517241379310345,0.0,0.08620689655172414
AJ Finch,1635,2092,605,546,105,4,214,78,84,0.37003058103975534,0.3339449541284404,0.06422018348623854,0.0024464831804281344,0.1308868501529052,0.047706422018348627,0.05137614678899083
AJ Tye,76,91,28,22,6,1,6,5,8,0.3684210526315789,0.2894736842105263,0.07894736842105263,0.013157894736842105,0.07894736842105263,0.06578947368421052,0.10526315789473684
AK Markram,1471,2019,404,658,76,5,168,87,73,0.274643099932019,0.44731475186947656,0.05166553365057784,0.003399048266485384,0.1142080217539089,0.05914343983684568,0.04962610469068661
AL Menaria,356,401,119,149,24,0,24,18,22,0.3342696629213483,0.41853932584269665,0.06741573033707865,0.0,0.06741573033707865,0.05056179775280899,0.06179775280898876
AM Nayar,577,672,185,230,47,1,55,20,39,0.32062391681109187,0.3986135181975737,0.08145580589254767,0.0017331022530329288,0.09532062391681109,0.03466204506065858,0.06759098786828423
AM Rahane,4385,5518,1397,1797,295,19,539,153,187,0.3185860889395667,0.409806157354618,0.06727480045610035,0.004332953249714938,0.12291904218928164,0.03489167616875713,0.04264538198403649
AP Majumdar,76,87,23,33,7,0,7,2,4,0.3026315789473684,0.4342105263157895,0.09210526315789473,0.0,0.09210526315789473,0.02631578947368421,0.05263157894736842
AP Tare,273,339,106,72,19,1,40,11,24,0.3882783882783883,0.26373626373626374,0.0695970695970696,0.003663003663003663,0.14652014652014653,0.040293040293040296,0.08791208791208792
AR Patel,1523,2009,406,685,102,0,139,94,106,0.2665791201575837,0.44977019041365723,0.066973079448457,0.0,0.0912672357189757,0.061720288903479976,0.0695994747209455
AS Raut,167,194,52,73,9,3,13,7,11,0.31137724550898205,0.437125748502994,0.05389221556886228,0.017964071856287425,0.07784431137724551,0.041916167664670656,0.0658682634730539
AS Roy,106,143,22,41,15,0,9,6,13,0.20754716981132076,0.3867924528301887,0.14150943396226415,0.0,0.08490566037735849,0.05660377358490566,0.12264150943396226
AT Rayudu,3409,4348,1045,1495,188,1,359,173,152,0.3065415077735406,0.4385450278674098,0.0551481372836609,0.0002933411557641537,0.10530947491933118,0.05074801994719859,0.04458785567615137
Abdul Samad,685,959,190,269,54,0,66,53,55,0.2773722627737226,0.3927007299270073,0.07883211678832117,0.0,0.09635036496350365,0.07737226277372262,0.08029197080291971
Abhishek Sharma,1723,3091,491,554,94,3,294,194,94,0.2849680789320952,0.3215322112594312,0.054556006964596636,0.0017411491584445734,0.1706326175275682,0.11259431224608242,0.054556006964596636
Abishek Porel,540,751,154,221,32,1,74,27,31,0.2851851851851852,0.40925925925925927,0.05925925925925926,0.001851851851851852,0.13703703703703704,0.05,0.05740740740740741
Aman Hakim Khan,104,115,41,33,7,0,8,6,9,0.3942307692307692,0.3173076923076923,0.0673076923076923,0.0,0.07692307692307693,0.057692307692307696,0.08653846153846154
Aniket Verma,280,455,76,105,16,0,27,35,24,0.2714285714285714,0.375,0.05714285714285714,0.0,0.09642857142857143,0.125,0.08571428571428572
Anirudh Singh,66,63,27,23,5,0,6,1,4,0.4090909090909091,0.3484848484848485,0.07575757575757576,0.0,0.09090909090909091,0.015151515151515152,0.06060606060606061
Ankit Sharma,67,87,20,23,6,0,7,4,7,0.29850746268656714,0.34328358208955223,0.08955223880597014,0.0,0.1044776119402985,0.05970149253731343,0.1044776119402985
Anmolpreet Singh,115,139,44,35,5,0,19,3,9,0.3826086956521739,0.30434782608695654,0.043478260869565216,0.0,0.16521739130434782,0.02608695652173913,0.0782608695652174
Anuj Rawat,267,318,100,97,15,1,26,14,14,0.37453183520599254,0.36329588014981273,0.056179775280898875,0.003745318352059925,0.09737827715355805,0.052434456928838954,0.052434456928838954
Arshad Khan,84,119,28,29,8,0,5,9,6,0.3333333333333333,0.34523809523809523,0.09523809523809523,0.0,0.05952380952380952,0.10714285714285714,0.07142857142857142
Ashutosh Sharma,300,492,82,110,23,0,33,34,21,0.2733333333333333,0.36666666666666664,0.07666666666666666,0.0,0.11,0.11333333333333333,0.07
Atharva Taide,177,260,54,61,14,1,30,8,9,0.3050847457627119,0.3446327683615819,0.07909604519774012,0.005649717514124294,0.1694915254237288,0.04519774011299435,0.05084745762711865
Avesh Khan,55,80,20,14,3,0,9,4,5,0.36363636363636365,0.2545454545454545,0.05454545454545454,0.0,0.16363636363636364,0.07272727272727272,0.09090909090909091
Azhar Mahmood,303,388,98,116,19,0,39,13,19,0.3234323432343234,0.38283828382838286,0.0627062706270627,0.0,0.12871287128712872,0.0429042904290429,0.0627062706270627
Azmatullah Omarzai,74,99,19,31,3,0,8,5,8,0.25675675675675674,0.4189189189189189,0.04054054054054054,0.0,0.10810810810810811,0.06756756756756757,0.10810810810810811
B Akhil,55,76,18,16,5,0,5,5,7,0.32727272727272727,0.2909090909090909,0.09090909090909091,0.0,0.09090909090909091,0.09090909090909091,0.12727272727272726
B Chipli,251,280,89,100,7,4,28,7,16,0.3545816733067729,0.398406374501992,0.027888446215139442,0.01593625498007968,0.11155378486055777,0.027888446215139442,0.06374501992031872
B Kumar,423,401,158,155,28,4,40,3,37,0.3735224586288416,0.3664302600472813,0.06619385342789598,0.009456264775413711,0.09456264775413711,0.0070921985815602835,0.08747044917257683
B Lee,97,124,34,36,4,0,8,8,10,0.35051546391752575,0.3711340206185567,0.041237113402061855,0.0,0.08247422680412371,0.08247422680412371,0.10309278350515463
B Sai Sudharsan,1835,2777,492,773,116,5,282,104,62,0.2681198910081744,0.4212534059945504,0.06321525885558583,0.0027247956403269754,0.1536784741144414,0.05667574931880109,0.033787465940054495
BA Stokes,698,935,194,290,59,2,81,32,41,0.27793696275071633,0.4154727793696275,0.08452722063037249,0.0028653295128939827,0.11604584527220631,0.045845272206303724,0.05873925501432665
BB McCullum,2190,2882,842,715,103,3,293,130,106,0.38447488584474887,0.3264840182648402,0.047031963470319633,0.0013698630136986301,0.13378995433789953,0.0593607305936073,0.048401826484018265
BB Samantray,113,125,41,45,8,0,13,2,5,0.36283185840707965,0.39823008849557523,0.07079646017699115,0.0,0.11504424778761062,0.017699115044247787,0.04424778761061947
BCJ Cutting,141,238,42,44,10,0,15,19,11,0.2978723404255319,0.3120567375886525,0.07092198581560284,0.0,0.10638297872340426,0.1347517730496454,0.07801418439716312
BJ Hodge,1118,1400,361,452,89,8,122,43,46,0.3228980322003578,0.40429338103756707,0.07960644007155634,0.007155635062611807,0.10912343470483005,0.038461538461538464,0.04114490161001789
BJ Rohrer,141,193,45,48,14,1,21,5,7,0.3191489361702128,0.3404255319148936,0.09929078014184398,0.0070921985815602835,0.14893617021276595,0.03546099290780142,0.04964539007092199
Bipul Sharma,123,187,28,51,19,0,11,9,6,0.22764227642276422,0.4146341463414634,0.15447154471544716,0.0,0.08943089430894309,0.07317073170731707,0.04878048780487805
C Connolly,480,810,150,174,12,0,72,54,18,0.3125,0.3625,0.025,0.0,0.15,0.1125,0.0375
C Green,844,1295,223,353,62,2,110,62,35,0.26421800947867297,0.41824644549763035,0.07345971563981042,0.002369668246445498,0.13033175355450238,0.07345971563981042,0.041469194312796206
C Munro,141,177,56,45,4,0,19,8,9,0.3971631205673759,0.3191489361702128,0.028368794326241134,0.0,0.1347517730496454,0.05673758865248227,0.06382978723404255
C de Grandhomme,225,303,68,91,16,0,18,18,15,0.3022222222222222,0.40444444444444444,0.07111111111111111,0.0,0.08,0.08,0.06666666666666667
CA Ingram,180,205,64,69,9,0,22,5,12,0.35555555555555557,0.38333333333333336,0.05,0.0,0.12222222222222222,0.027777777777777776,0.06666666666666667
CA Lynn,945,1329,349,315,45,0,132,66,39,0.3693121693121693,0.3333333333333333,0.047619047619047616,0.0,0.13968253968253969,0.06984126984126984,0.04126984126984127
CA Pujara,391,390,170,133,15,1,50,4,18,0.43478260869565216,0.340153452685422,0.03836317135549872,0.0025575447570332483,0.1278772378516624,0.010230179028132993,0.04603580562659847
CH Gayle,3346,4997,1341,1018,92,3,408,359,127,0.40077704722056184,0.3042438732815302,0.02749551703526599,0.0008965929468021519,0.12193664076509265,0.1072922893006575,0.03795576808129109
CH Morris,398,618,93,163,39,1,41,35,29,0.23366834170854273,0.40954773869346733,0.09798994974874371,0.002512562814070352,0.10301507537688442,0.08793969849246232,0.0728643216080402
CJ Anderson,423,538,165,139,25,1,40,31,22,0.3900709219858156,0.32860520094562645,0.0591016548463357,0.002364066193853428,0.09456264775413711,0.07328605200945626,0.05200945626477541
CJ Ferguson,117,98,50,42,10,0,9,0,6,0.42735042735042733,0.358974358974359,0.08547008547008547,0.0,0.07692307692307693,0.0,0.05128205128205128
CJ Jordan,77,81,26,23,14,0,3,3,9,0.33766233766233766,0.2987012987012987,0.18181818181818182,0.0,0.03896103896103896,0.03896103896103896,0.11688311688311688
CL White,760,971,226,335,49,2,76,38,35,0.29736842105263156,0.4407894736842105,0.06447368421052632,0.002631578947368421,0.1,0.05,0.046052631578947366
CM Gautam,150,169,67,40,8,3,17,6,9,0.44666666666666666,0.26666666666666666,0.05333333333333334,0.02,0.11333333333333333,0.04,0.06
CR Brathwaite,111,181,31,37,4,0,10,16,14,0.27927927927927926,0.3333333333333333,0.036036036036036036,0.0,0.09009009009009009,0.14414414414414414,0.12612612612612611
CR Woakes,77,78,28,32,3,0,7,2,5,0.36363636363636365,0.4155844155844156,0.03896103896103896,0.0,0.09090909090909091,0.025974025974025976,0.06493506493506493
CV Varun,50,26,27,16,1,0,2,0,5,0.54,0.32,0.02,0.0,0.04,0.0,0.1
D Brevis,456,647,159,161,18,0,45,45,28,0.34868421052631576,0.3530701754385965,0.039473684210526314,0.0,0.09868421052631579,0.09868421052631579,0.06140350877192982
D Ferreira,359,555,124,113,17,0,57,30,18,0.34540389972144847,0.3147632311977716,0.04735376044568245,0.0,0.15877437325905291,0.08356545961002786,0.05013927576601671
D Padikkal,1880,2652,603,711,84,7,273,110,92,0.32074468085106383,0.3781914893617021,0.04468085106382979,0.003723404255319149,0.1452127659574468,0.05851063829787234,0.04893617021276596
D Wiese,101,148,25,46,6,0,12,7,6,0.24752475247524752,0.45544554455445546,0.0594059405940594,0.0,0.1188118811881188,0.06930693069306931,0.0594059405940594
DA Miller,2473,3446,684,1074,203,2,256,156,100,0.27658714112414073,0.4342903356247473,0.08208653457339264,0.0008087343307723412,0.10351799433885968,0.06308127780024263,0.040436716538617065
DA Warner,4702,6567,1566,1682,370,24,663,236,164,0.33304976605699704,0.3577201190982561,0.07868991918332624,0.005104210974053594,0.14100382815823054,0.05019140791152701,0.03487877498936623
DB Das,261,304,106,92,12,0,23,16,12,0.4061302681992337,0.3524904214559387,0.04597701149425287,0.0,0.08812260536398467,0.06130268199233716,0.04597701149425287
DB Ravi Teja,317,375,97,136,18,3,35,9,20,0.305993690851735,0.42902208201892744,0.056782334384858045,0.00946372239747634,0.11041009463722397,0.028391167192429023,0.06309148264984227
DH Yagnik,137,170,48,44,11,0,23,2,9,0.35036496350364965,0.32116788321167883,0.08029197080291971,0.0,0.1678832116788321,0.014598540145985401,0.06569343065693431
DJ Bravo,1204,1560,387,447,111,5,120,66,69,0.32142857142857145,0.3712624584717608,0.09219269102990033,0.004152823920265781,0.09966777408637874,0.054817275747508304,0.057308970099667775
DJ Harris,101,111,47,33,2,0,11,5,3,0.46534653465346537,0.32673267326732675,0.019801980198019802,0.0,0.10891089108910891,0.04950495049504951,0.0297029702970297
DJ Hooda,1173,1497,312,521,100,4,98,62,81,0.2659846547314578,0.4441602728047741,0.08525149190110827,0.0034100596760443308,0.08354646206308611,0.05285592497868713,0.06905370843989769
DJ Hussey,1075,1322,352,452,72,2,90,60,48,0.32744186046511625,0.4204651162790698,0.06697674418604652,0.0018604651162790699,0.08372093023255814,0.05581395348837209,0.044651162790697675
DJ Jacobs,98,92,52,22,3,0,10,4,7,0.5306122448979592,0.22448979591836735,0.030612244897959183,0.0,0.10204081632653061,0.04081632653061224,0.07142857142857142
DJ Mitchell,267,351,62,130,23,1,28,10,13,0.23220973782771537,0.4868913857677903,0.08614232209737828,0.003745318352059925,0.10486891385767791,0.03745318352059925,0.04868913857677903
DJ Thornely,53,39,27,19,0,0,2,2,3,0.5094339622641509,0.3584905660377358,0.0,0.0,0.03773584905660377,0.03773584905660377,0.05660377358490566
DJ Willey,62,53,31,17,4,0,7,0,3,0.5,0.27419354838709675,0.06451612903225806,0.0,0.11290322580645161,0.0,0.04838709677419355
DJG Sammy,241,295,84,94,15,1,15,18,15,0.34854771784232363,0.3900414937759336,0.06224066390041494,0.004149377593360996,0.06224066390041494,0.07468879668049792,0.06224066390041494
DJM Short,99,115,39,35,3,0,11,5,7,0.3939393939393939,0.35353535353535354,0.030303030303030304,0.0,0.1111111111111111,0.050505050505050504,0.0707070707070707
DL Chahar,99,135,29,37,9,0,8,8,8,0.29292929292929293,0.37373737373737376,0.09090909090909091,0.0,0.08080808080808081,0.08080808080808081,0.08080808080808081
DL Vettori,113,121,34,54,4,1,11,2,7,0.3008849557522124,0.4778761061946903,0.035398230088495575,0.008849557522123894,0.09734513274336283,0.017699115044247787,0.061946902654867256
DP Conway,773,1080,242,306,45,4,117,34,25,0.3130659767141009,0.3958602846054334,0.05821474773609314,0.00517464424320828,0.15135834411384216,0.04398447606727038,0.03234152652005175
DPMD Jayawardene,1464,1808,501,565,93,4,200,40,64,0.3422131147540984,0.3859289617486339,0.06352459016393443,0.00273224043715847,0.1366120218579235,0.0273224043715847,0.04371584699453552
DR Smith,1764,2385,712,521,84,3,245,117,81,0.4036281179138322,0.2953514739229025,0.047619047619047616,0.0017006802721088435,0.1388888888888889,0.0663265306122449,0.04591836734693878
DS Kulkarni,108,104,39,45,8,1,7,2,9,0.3611111111111111,0.4166666666666667,0.07407407407407407,0.009259259259259259,0.06481481481481481,0.018518518518518517,0.08333333333333333
DT Christian,398,460,108,190,29,2,23,19,28,0.271356783919598,0.47738693467336685,0.0728643216080402,0.005025125628140704,0.05778894472361809,0.04773869346733668,0.07035175879396985
DW Steyn,160,167,48,55,19,0,14,3,22,0.3,0.34375,0.11875,0.0,0.0875,0.01875,0.1375
Dhruv Jurel,928,1424,239,388,62,0,126,68,46,0.25754310344827586,0.41810344827586204,0.0668103448275862,0.0,0.13577586206896552,0.07327586206896551,0.04956896551724138
E Lewis,477,654,188,146,19,2,62,36,24,0.3941299790356394,0.3060796645702306,0.039832285115303984,0.0041928721174004195,0.129979035639413,0.07547169811320754,0.050314465408805034
EJG Morgan,1148,1406,419,416,73,4,112,64,61,0.36498257839721254,0.3623693379790941,0.06358885017421603,0.003484320557491289,0.0975609756097561,0.05574912891986063,0.05313588850174216
F du Plessis,3515,4773,1066,1459,223,18,440,174,135,0.30327169274537696,0.4150782361308677,0.06344238975817923,0.005120910384068279,0.1251778093883357,0.049502133712660025,0.03840682788051209
FH Allen,126,243,45,15,0,0,39,12,15,0.35714285714285715,0.11904761904761904,0.0,0.0,0.30952380952380953,0.09523809523809523,0.11904761904761904
FY Fazal,173,183,61,75,7,0,22,1,9,0.35260115606936415,0.43352601156069365,0.04046242774566474,0.0,0.12716763005780346,0.005780346820809248,0.05202312138728324
G Gambhir,3404,4217,1107,1352,249,15,492,59,134,0.32520564042303174,0.3971797884841363,0.07314923619271445,0.004406580493537015,0.1445358401880141,0.017332549941245595,0.03936545240893067
GC Smith,668,739,267,228,39,1,94,9,30,0.3997005988023952,0.3413173652694611,0.058383233532934134,0.0014970059880239522,0.1407185628742515,0.01347305389221557,0.04491017964071856
GD Phillips,217,266,55,98,18,0,15,12,19,0.2534562211981567,0.45161290322580644,0.08294930875576037,0.0,0.06912442396313365,0.055299539170506916,0.08755760368663594
GF Linde,63,93,21,9,6,0,18,0,9,0.3333333333333333,0.14285714285714285,0.09523809523809523,0.0,0.2857142857142857,0.0,0.14285714285714285
GH Vihari,321,284,117,137,23,1,23,1,20,0.3644859813084112,0.42679127725856697,0.07165109034267912,0.003115264797507788,0.07165109034267912,0.003115264797507788,0.06230529595015576
GJ Bailey,544,663,171,222,44,1,59,19,29,0.31433823529411764,0.40808823529411764,0.08088235294117647,0.001838235294117647,0.10845588235294118,0.034926470588235295,0.05330882352941176
GJ Maxwell,1818,2820,537,633,127,5,238,161,117,0.2953795379537954,0.3481848184818482,0.06985698569856985,0.0027502750275027505,0.13091309130913092,0.08855885588558855,0.06435643564356436
Gurkeerat Singh,422,511,131,176,23,1,55,11,27,0.3104265402843602,0.41706161137440756,0.054502369668246446,0.002369668246445498,0.13033175355450238,0.026066350710900472,0.06398104265402843
H Klaasen,1661,2722,340,776,141,10,194,143,57,0.20469596628537026,0.46718844069837445,0.08488862131246237,0.006020469596628537,0.11679711017459361,0.08609271523178808,0.03431667670078266
HC Brook,154,190,56,50,12,0,23,4,9,0.36363636363636365,0.3246753246753247,0.07792207792207792,0.0,0.14935064935064934,0.025974025974025976,0.05844155844155844
HH Gibbs,807,886,350,264,45,3,83,31,32,0.43370508054522927,0.3271375464684015,0.055762081784386616,0.0037174721189591076,0.10285006195786865,0.03841387856257745,0.03965303593556382
HH Pandya,2128,3142,581,878,138,5,249,162,116,0.2730263157894737,0.412593984962406,0.06484962406015038,0.002349624060150376,0.11701127819548872,0.07612781954887218,0.05451127819548872
HM Amla,407,577,126,164,22,1,60,21,13,0.3095823095823096,0.40294840294840295,0.05405405405405406,0.002457002457002457,0.14742014742014742,0.051597051597051594,0.03194103194103194
HR Shokeen,65,66,28,20,5,0,9,0,3,0.4307692307692308,0.3076923076923077,0.07692307692307693,0.0,0.13846153846153847,0.0,0.046153846153846156
HV Patel,241,282,75,90,13,0,19,15,30,0.3112033195020747,0.37344398340248963,0.05394190871369295,0.0,0.07883817427385892,0.06224066390041494,0.12448132780082988
Harbhajan Singh,604,833,202,195,35,0,79,42,56,0.3344370860927152,0.3228476821192053,0.057947019867549666,0.0,0.13079470198675497,0.0695364238410596,0.09271523178807947
Harpreet Brar,203,244,70,76,16,0,19,10,13,0.3448275862068966,0.37438423645320196,0.07881773399014778,0.0,0.09359605911330049,0.04926108374384237,0.06403940886699508
Harpreet Singh,119,123,44,49,8,0,10,3,6,0.3697478991596639,0.4117647058823529,0.06722689075630252,0.0,0.08403361344537816,0.025210084033613446,0.05042016806722689
Harshit Rana,56,59,26,12,3,1,5,3,7,0.4642857142857143,0.21428571428571427,0.05357142857142857,0.017857142857142856,0.08928571428571429,0.05357142857142857,0.125
Himmat Singh,78,105,18,39,3,0,6,6,6,0.23076923076923078,0.5,0.038461538461538464,0.0,0.07692307692307693,0.07692307692307693,0.07692307692307693
I Sharma,69,57,31,23,3,0,4,2,7,0.4492753623188406,0.3333333333333333,0.043478260869565216,0.0,0.057971014492753624,0.028985507246376812,0.10144927536231885
IK Pathan,950,1150,291,407,76,2,88,38,52,0.3063157894736842,0.4284210526315789,0.08,0.002105263157894737,0.09263157894736843,0.04,0.05473684210526316
IR Jaggi,97,76,43,36,5,2,6,0,5,0.44329896907216493,0.3711340206185567,0.05154639175257732,0.020618556701030927,0.061855670103092786,0.0,0.05154639175257732
Iqbal Abdulla,84,88,33,34,6,0,9,1,1,0.39285714285714285,0.40476190476190477,0.07142857142857142,0.0,0.10714285714285714,0.011904761904761904,0.011904761904761904
Ishan Kishan,2652,3934,828,985,132,7,393,182,125,0.31221719457013575,0.37141779788838614,0.049773755656108594,0.0026395173453996985,0.14819004524886878,0.06862745098039216,0.0471342383107089
J Botha,359,409,113,143,37,2,39,5,22,0.3147632311977716,0.3983286908077994,0.10306406685236769,0.005571030640668524,0.10863509749303621,0.013927576601671309,0.06128133704735376
J Fraser-McGurk,193,385,69,34,6,1,39,30,14,0.35751295336787564,0.17616580310880828,0.031088082901554404,0.0051813471502590676,0.20207253886010362,0.15544041450777202,0.07253886010362694
J Overton,265,423,68,106,17,3,40,19,15,0.25660377358490566,0.4,0.06415094339622641,0.011320754716981131,0.1509433962264151,0.07169811320754717,0.05660377358490566
J Suchith,61,70,25,18,5,0,6,3,4,0.4098360655737705,0.29508196721311475,0.08196721311475409,0.0,0.09836065573770492,0.04918032786885246,0.06557377049180328
JA Morkel,687,975,187,288,55,1,61,55,40,0.27219796215429404,0.4192139737991266,0.08005822416302766,0.001455604075691412,0.08879184861717612,0.08005822416302766,0.05822416302765648
JC Archer,220,301,57,83,21,0,17,18,24,0.2590909090909091,0.37727272727272726,0.09545454545454546,0.0,0.07727272727272727,0.08181818181818182,0.10909090909090909
JC Buttler,3351,5048,1088,1173,219,8,507,230,129,0.3246792002387347,0.35004476275738583,0.06535362578334826,0.002387347060578932,0.1512981199641898,0.06863622799164429,0.03849597135183527
JD Ryder,458,604,165,145,30,3,69,19,29,0.36026200873362446,0.3165938864628821,0.06550218340611354,0.006550218340611353,0.15065502183406113,0.04148471615720524,0.06331877729257641
JD Unadkat,175,209,56,63,20,0,16,7,14,0.32,0.36,0.11428571428571428,0.0,0.09142857142857143,0.04,0.08
JDP Oram,108,106,40,46,3,0,6,5,8,0.37037037037037035,0.42592592592592593,0.027777777777777776,0.0,0.05555555555555555,0.046296296296296294,0.07407407407407407
JDS Neesham,93,92,32,34,11,0,6,2,8,0.34408602150537637,0.3655913978494624,0.11827956989247312,0.0,0.06451612903225806,0.021505376344086023,0.08602150537634409
JEC Franklin,301,327,105,129,22,0,25,9,11,0.3488372093023256,0.42857142857142855,0.07308970099667775,0.0,0.08305647840531562,0.029900332225913623,0.036544850498338874
JG Bethell,117,184,42,28,3,0,24,9,11,0.358974358974359,0.23931623931623933,0.02564102564102564,0.0,0.20512820512820512,0.07692307692307693,0.09401709401709402
JH Kallis,2222,2427,825,888,113,8,255,44,89,0.3712871287128713,0.3996399639963996,0.050855085508550855,0.0036003600360036,0.11476147614761475,0.019801980198019802,0.040054005400540056
JJ Bumrah,100,89,36,41,5,0,8,1,10,0.36,0.41,0.05,0.0,0.08,0.01,0.1
JJ Roy,443,614,162,148,17,2,75,21,18,0.3656884875846501,0.3340857787810384,0.03837471783295711,0.004514672686230248,0.16930022573363432,0.04740406320541761,0.040632054176072234
JM Bairstow,1146,1674,395,378,71,6,173,74,50,0.34467713787085513,0.3298429319371728,0.06195462478184991,0.005235602094240838,0.15095986038394416,0.06457242582897033,0.04363001745200698
JM Sharma,799,1180,242,283,50,1,92,71,60,0.30287859824780977,0.3541927409261577,0.0625782227784731,0.0012515644555694619,0.11514392991239049,0.08886107634543179,0.07509386733416772
JO Holder,271,364,86,98,20,0,16,27,24,0.3173431734317343,0.36162361623616235,0.07380073800738007,0.0,0.05904059040590406,0.0996309963099631,0.08856088560885608
JP Duminy,1636,2029,472,781,126,6,126,79,49,0.2885085574572127,0.4773838630806846,0.07701711491442542,0.003667481662591687,0.07701711491442542,0.04828850855745721,0.029951100244498777
JP Faulkner,390,527,101,160,41,1,36,23,28,0.258974358974359,0.41025641025641024,0.10512820512820513,0.002564102564102564,0.09230769230769231,0.05897435897435897,0.07179487179487179
JP Inglis,171,278,55,54,12,0,26,16,9,0.3216374269005848,0.3157894736842105,0.07017543859649122,0.0,0.15204678362573099,0.0935672514619883,0.05263157894736842
JR Hopes,306,417,95,114,19,1,49,11,17,0.3104575163398693,0.37254901960784315,0.06209150326797386,0.0032679738562091504,0.16013071895424835,0.03594771241830065,0.05555555555555555
JR Philippe,77,78,31,28,4,0,9,1,4,0.4025974025974026,0.36363636363636365,0.05194805194805195,0.0,0.11688311688311688,0.012987012987012988,0.05194805194805195
K Goel,231,218,110,71,11,1,17,9,13,0.47619047619047616,0.30735930735930733,0.047619047619047616,0.004329004329004329,0.0735930735930736,0.03896103896103896,0.05627705627705628
K Gowtham,148,247,34,47,16,2,15,17,18,0.22972972972972974,0.31756756756756754,0.10810810810810811,0.013513513513513514,0.10135135135135136,0.11486486486486487,0.12162162162162163
K Rabada,291,320,113,106,12,0,25,15,21,0.38831615120274915,0.3642611683848797,0.041237113402061855,0.0,0.0859106529209622,0.05154639175257732,0.07216494845360824
KA Jamieson,99,101,51,24,3,1,8,6,6,0.5151515151515151,0.24242424242424243,0.030303030303030304,0.010101010101010102,0.08080808080808081,0.06060606060606061,0.06060606060606061
KA Pollard,2329,3437,727,872,154,8,221,224,129,0.31215113782739373,0.37440961786174326,0.06612279948475741,0.0034349506225848005,0.0948905109489051,0.09617861743237441,0.0553885787891799
KB Arun Karthik,51,51,18,20,3,1,4,1,5,0.35294117647058826,0.39215686274509803,0.058823529411764705,0.0196078431372549,0.0784313725490196,0.0196078431372549,0.09803921568627451
KC Sangakkara,1392,1687,451,563,81,5,195,27,69,0.3239942528735632,0.40445402298850575,0.05818965517241379,0.0035919540229885057,0.1400862068965517,0.01939655172413793,0.04956896551724138
KD Karthik,3580,4843,1043,1464,258,6,466,161,187,0.29134078212290504,0.40893854748603353,0.07206703910614524,0.0016759776536312849,0.13016759776536313,0.044972067039106146,0.05223463687150838
KH Pandya,1422,1876,445,530,121,6,165,71,86,0.3129395218002813,0.3727144866385373,0.0850914205344585,0.004219409282700422,0.1160337552742616,0.04992967651195499,0.06047819971870605
KK Cooper,68,116,18,16,8,0,9,8,9,0.2647058823529412,0.23529411764705882,0.11764705882352941,0.0,0.1323529411764706,0.11764705882352941,0.1323529411764706
KK Nair,1301,1709,426,473,85,5,188,49,75,0.32744043043812454,0.3635664873174481,0.06533435818601076,0.003843197540353574,0.1445042275172944,0.03766333589546503,0.05764796310530361
KL Rahul,4427,6309,1289,1876,292,5,561,265,139,0.29116783374745875,0.42376327083803933,0.06595888863790378,0.00112943302462164,0.126722385362548,0.05985995030494692,0.03139823808448159
KM Jadhav,981,1208,291,432,61,2,102,40,54,0.2966360856269113,0.44036697247706424,0.06218144750254842,0.0020387359836901123,0.10397553516819572,0.040774719673802244,0.05504587155963303
KP Pietersen,743,1001,247,284,48,4,91,40,28,0.33243606998654107,0.3822341857335128,0.06460296096904442,0.005383580080753701,0.1224764468371467,0.05383580080753701,0.03768506056527591
KR Mayers,263,379,115,58,16,0,38,22,13,0.4372623574144487,0.22053231939163498,0.060836501901140684,0.0,0.1444866920152091,0.08365019011406843,0.049429657794676805
KS Bharat,163,199,50,70,15,1,12,8,7,0.3067484662576687,0.4294478527607362,0.09202453987730061,0.006134969325153374,0.0736196319018405,0.049079754601226995,0.04294478527607362
KS Williamson,1697,2132,526,733,119,8,187,64,59,0.309958750736594,0.4319387153800825,0.07012374779021803,0.004714201532115498,0.11019446081319977,0.03771361225692398,0.0347672362993518
KV Sharma,295,352,89,121,23,1,20,17,25,0.3016949152542373,0.4101694915254237,0.07796610169491526,0.003389830508474576,0.06779661016949153,0.0576271186440678,0.0847457627118644
Kamran Akmal,78,128,29,20,4,0,13,8,4,0.3717948717948718,0.2564102564102564,0.05128205128205128,0.0,0.16666666666666666,0.10256410256410256,0.05128205128205128
Kartik Sharma,147,174,57,42,12,0,9,12,15,0.3877551020408163,0.2857142857142857,0.08163265306122448,0.0,0.061224489795918366,0.08163265306122448,0.10204081632653061
Kuldeep Yadav,295,228,132,110,14,0,18,3,19,0.44745762711864406,0.3728813559322034,0.04745762711864407,0.0,0.061016949152542375,0.010169491525423728,0.06440677966101695
LA Carseldine,68,81,25,23,4,2,11,0,3,0.36764705882352944,0.3382352941176471,0.058823529411764705,0.029411764705882353,0.16176470588235295,0.0,0.04411764705882353
LA Pomersbach,246,302,94,85,18,1,25,13,11,0.3821138211382114,0.34552845528455284,0.07317073170731707,0.0040650406504065045,0.1016260162601626,0.052845528455284556,0.044715447154471545
LJ Wright,60,106,15,20,2,0,16,3,4,0.25,0.3333333333333333,0.03333333333333333,0.0,0.26666666666666666,0.05,0.06666666666666667
LMP Simmons,852,1079,349,269,52,2,109,44,27,0.4096244131455399,0.31572769953051644,0.06103286384976526,0.002347417840375587,0.12793427230046947,0.051643192488262914,0.03169014084507042
LR Shukla,350,405,117,137,20,0,33,16,29,0.3342857142857143,0.3914285714285714,0.05714285714285714,0.0,0.09428571428571429,0.045714285714285714,0.08285714285714285
LRPL Taylor,822,1017,270,334,62,3,66,46,41,0.3284671532846715,0.40632603406326034,0.07542579075425791,0.0036496350364963502,0.08029197080291971,0.05596107055961071,0.049878345498783457
LS Livingstone,737,1096,234,276,33,2,70,78,45,0.3175033921302578,0.37449118046132973,0.04477611940298507,0.0027137042062415195,0.09497964721845319,0.10583446404341927,0.06105834464043419
Lalit Yadav,290,305,103,122,15,1,27,7,15,0.35517241379310344,0.4206896551724138,0.05172413793103448,0.0034482758620689655,0.09310344827586207,0.02413793103448276,0.05172413793103448
M Ashwin,50,35,19,19,1,0,2,1,8,0.38,0.38,0.02,0.0,0.04,0.02,0.16
M Jansen,162,171,53,69,8,0,8,9,15,0.3271604938271605,0.42592592592592593,0.04938271604938271,0.0,0.04938271604938271,0.05555555555555555,0.09259259259259259
M Kaif,250,259,96,86,23,1,22,6,16,0.384,0.344,0.092,0.004,0.088,0.024,0.064
M Kartik,108,113,25,60,8,1,7,1,7,0.23148148148148148,0.5555555555555556,0.07407407407407407,0.009259259259259259,0.06481481481481481,0.009259259259259259,0.06481481481481481
M Klinger,77,73,31,30,2,1,9,0,4,0.4025974025974026,0.38961038961038963,0.025974025974025976,0.012987012987012988,0.11688311688311688,0.0,0.05194805194805195
M Manhas,470,514,158,191,44,1,43,10,24,0.33617021276595743,0.40638297872340423,0.09361702127659574,0.002127659574468085,0.09148936170212765,0.02127659574468085,0.05106382978723404
M Morkel,90,126,21,33,8,1,11,5,11,0.23333333333333334,0.36666666666666664,0.08888888888888889,0.011111111111111112,0.12222222222222222,0.05555555555555555,0.12222222222222222
M Rawat,69,55,28,29,2,0,4,1,5,0.4057971014492754,0.42028985507246375,0.028985507246376812,0.0,0.057971014492753624,0.014492753623188406,0.07246376811594203
M Shahrukh Khan,590,861,169,239,33,0,55,56,39,0.2864406779661017,0.40508474576271186,0.05593220338983051,0.0,0.09322033898305085,0.09491525423728814,0.06610169491525424
M Vijay,2149,2619,834,701,164,17,247,91,96,0.3880874825500233,0.326198231735691,0.07631456491391345,0.007910656119125175,0.11493718008375989,0.04234527687296417,0.04467194043741275
M Vohra,829,1083,313,249,64,9,104,43,48,0.3775633293124246,0.30036188178528345,0.07720144752714113,0.010856453558504222,0.12545235223160434,0.05186972255729795,0.05790108564535585
MA Agarwal,2066,2764,655,786,125,6,275,100,118,0.3170377541142304,0.38044530493707646,0.060503388189738626,0.002904162633107454,0.13310745401742496,0.0484027105517909,0.057115198451113264
MA Starc,119,111,40,49,9,0,11,0,10,0.33613445378151263,0.4117647058823529,0.07563025210084033,0.0,0.09243697478991597,0.0,0.08403361344537816
MC Henriques,788,1000,234,323,76,3,87,28,38,0.2969543147208122,0.4098984771573604,0.09644670050761421,0.0038071065989847717,0.11040609137055837,0.03553299492385787,0.048223350253807105
MC Juneja,128,125,41,61,7,0,11,1,7,0.3203125,0.4765625,0.0546875,0.0,0.0859375,0.0078125,0.0546875
MD Choudhary,321,468,111,120,12,0,27,36,15,0.34579439252336447,0.37383177570093457,0.037383177570093455,0.0,0.08411214953271028,0.11214953271028037,0.04672897196261682
MD Mishra,208,237,82,65,14,0,24,8,15,0.3942307692307692,0.3125,0.0673076923076923,0.0,0.11538461538461539,0.038461538461538464,0.07211538461538461
MEK Hussey,1612,1977,556,648,96,11,198,52,52,0.34491315136476425,0.40198511166253104,0.05955334987593052,0.006823821339950372,0.1228287841191067,0.03225806451612903,0.03225806451612903
MF Maharoof,123,177,34,43,16,0,12,9,10,0.2764227642276423,0.34959349593495936,0.13008130081300814,0.0,0.0975609756097561,0.07317073170731707,0.08130081300813008
MG Johnson,164,167,63,58,12,1,10,7,14,0.38414634146341464,0.35365853658536583,0.07317073170731707,0.006097560975609756,0.06097560975609756,0.042682926829268296,0.08536585365853659
MJ Clarke,94,98,37,35,5,0,12,0,5,0.39361702127659576,0.3723404255319149,0.05319148936170213,0.0,0.1276595744680851,0.0,0.05319148936170213
MJ Guptill,197,271,76,60,7,2,24,15,12,0.38578680203045684,0.30456852791878175,0.03553299492385787,0.01015228426395939,0.1218274111675127,0.07614213197969544,0.06091370558375635
MJ Lumb,194,278,82,41,9,1,45,6,10,0.422680412371134,0.211340206185567,0.04639175257731959,0.005154639175257732,0.23195876288659795,0.030927835051546393,0.05154639175257732
MJ McClenaghan,70,85,26,21,1,0,5,7,11,0.37142857142857144,0.3,0.014285714285714285,0.0,0.07142857142857142,0.1,0.15714285714285714
MJ Santner,161,188,48,76,8,0,15,6,8,0.2981366459627329,0.4720496894409938,0.049689440993788817,0.0,0.09316770186335403,0.037267080745341616,0.049689440993788817
MK Lomror,373,527,92,165,25,0,33,30,29,0.24664879356568364,0.44235924932975873,0.06702412868632708,0.0,0.08847184986595175,0.08042895442359249,0.0777479892761394
MK Pandey,3248,3951,1030,1386,229,12,340,116,134,0.3171182266009852,0.4267241379310345,0.07050492610837439,0.003694581280788177,0.10467980295566502,0.03571428571428571,0.04125615763546798
MK Tiwary,1449,1695,475,633,77,8,156,40,60,0.3278122843340235,0.43685300207039335,0.05314009661835749,0.005521048999309869,0.10766045548654245,0.027605244996549344,0.041407867494824016
ML Hayden,806,1107,307,257,48,2,121,44,27,0.38089330024813894,0.3188585607940447,0.05955334987593052,0.0024813895781637717,0.1501240694789082,0.05459057071960298,0.033498759305210915
MM Ali,835,1167,278,307,39,0,95,67,50,0.332934131736527,0.36766467065868264,0.046706586826347304,0.0,0.11377245508982035,0.08023952095808383,0.059880239520958084
MM Sharma,136,125,50,48,7,1,9,4,17,0.36764705882352944,0.35294117647058826,0.051470588235294115,0.007352941176470588,0.0661764705882353,0.029411764705882353,0.125
MN Samuels,172,161,73,61,11,0,9,7,12,0.42441860465116277,0.3546511627906977,0.06395348837209303,0.0,0.05232558139534884,0.040697674418604654,0.06976744186046512
MN van Wyk,132,167,38,58,12,1,19,1,3,0.2878787878787879,0.4393939393939394,0.09090909090909091,0.007575757575757576,0.14393939393939395,0.007575757575757576,0.022727272727272728
MP Stoinis,1544,2356,437,612,102,1,188,130,79,0.28303108808290156,0.3963730569948187,0.06606217616580311,0.0006476683937823834,0.12176165803108809,0.08419689119170984,0.05116580310880829
MR Marsh,1381,1928,454,534,51,4,158,108,72,0.3287472845763939,0.38667632150615494,0.036929761042722664,0.002896451846488052,0.11440984793627806,0.0782041998551774,0.05213613323678494
MS Bisla,702,798,303,207,36,3,93,23,37,0.43162393162393164,0.2948717948717949,0.05128205128205128,0.004273504273504274,0.13247863247863248,0.03276353276353276,0.05270655270655271
MS Dhoni,3957,5439,1188,1622,344,15,375,264,158,0.30022744503411675,0.4099064948193076,0.08693454637351529,0.0037907505686125853,0.09476876421531463,0.0667172100075815,0.03992923932271923
MS Gony,71,99,25,19,4,0,6,8,9,0.352112676056338,0.2676056338028169,0.056338028169014086,0.0,0.08450704225352113,0.11267605633802817,0.1267605633802817
MS Wade,177,183,72,55,12,0,23,2,13,0.4067796610169492,0.3107344632768362,0.06779661016949153,0.0,0.12994350282485875,0.011299435028248588,0.07344632768361582
MV Boucher,309,394,93,127,29,1,32,13,15,0.30097087378640774,0.4110032362459547,0.09385113268608414,0.003236245954692557,0.10355987055016182,0.042071197411003236,0.04854368932038835
MW Short,203,225,72,77,14,0,24,4,12,0.35467980295566504,0.3793103448275862,0.06896551724137931,0.0,0.11822660098522167,0.019704433497536946,0.059113300492610835
Mandeep Singh,1388,1706,444,531,113,4,176,38,84,0.31988472622478387,0.38256484149855907,0.0814121037463977,0.002881844380403458,0.12680115273775217,0.027377521613832854,0.06051873198847262
Misbah-ul-Haq,81,117,22,29,6,0,10,6,9,0.2716049382716049,0.35802469135802467,0.07407407407407407,0.0,0.12345679012345678,0.07407407407407407,0.1111111111111111
Mohammad Hafeez,83,64,42,24,0,0,7,2,8,0.5060240963855421,0.2891566265060241,0.0,0.0,0.08433734939759036,0.024096385542168676,0.0963855421686747
Mohammad Nabi,152,221,39,58,8,1,18,12,17,0.2565789473684211,0.3815789473684211,0.05263157894736842,0.006578947368421052,0.11842105263157894,0.07894736842105263,0.1118421052631579
Mohammed Shami,152,177,50,47,6,0,13,11,26,0.32894736842105265,0.3092105263157895,0.039473684210526314,0.0,0.08552631578947369,0.07236842105263158,0.17105263157894737
Mohammed Siraj,132,112,64,36,6,0,10,4,13,0.48484848484848486,0.2727272727272727,0.045454545454545456,0.0,0.07575757575757576,0.030303030303030304,0.09848484848484848
N Jagadeesan,147,162,56,52,7,0,21,2,9,0.38095238095238093,0.35374149659863946,0.047619047619047616,0.0,0.14285714285714285,0.013605442176870748,0.061224489795918366
N Pooran,1665,2539,544,580,92,3,173,179,94,0.3267267267267267,0.3483483483483483,0.05525525525525526,0.0018018018018018018,0.1039039039039039,0.10750750750750751,0.05645645645645646
N Rana,2413,3360,842,861,95,6,324,165,121,0.3489432242022379,0.35681723995026937,0.03937007874015748,0.0024865312888520514,0.13427268959801078,0.06837961044343141,0.05014504765851637
N Saini,141,140,55,43,15,1,16,0,11,0.3900709219858156,0.3049645390070922,0.10638297872340426,0.0070921985815602835,0.11347517730496454,0.0,0.07801418439716312
N Wadhera,656,914,203,261,28,1,72,51,41,0.3094512195121951,0.3978658536585366,0.042682926829268296,0.001524390243902439,0.10975609756097561,0.07774390243902439,0.0625
NK Patel,119,121,51,38,9,1,14,1,5,0.42857142857142855,0.31932773109243695,0.07563025210084033,0.008403361344537815,0.11764705882352941,0.008403361344537815,0.04201680672268908
NLTC Perera,309,424,89,121,26,1,23,26,24,0.28802588996763756,0.39158576051779936,0.08414239482200647,0.003236245954692557,0.0744336569579288,0.08414239482200647,0.07766990291262135
NM Coulter-Nile,72,82,26,20,5,0,7,4,10,0.3611111111111111,0.2777777777777778,0.06944444444444445,0.0,0.09722222222222222,0.05555555555555555,0.1388888888888889
NS Naik,50,31,24,17,3,0,2,0,4,0.48,0.34,0.06,0.0,0.04,0.0,0.08
NV Ojha,1313,1554,528,438,64,10,121,79,74,0.4021325209444021,0.3335872048743336,0.048743335872048744,0.007616146230007616,0.09215536938309216,0.060167555217060166,0.05635948210205636
Naman Dhir,580,920,141,234,38,0,91,41,35,0.24310344827586206,0.40344827586206894,0.06551724137931035,0.0,0.15689655172413794,0.0706896551724138,0.0603448275862069
Nithish Kumar Reddy,725,1064,199,313,39,1,67,67,39,0.27448275862068966,0.4317241379310345,0.05379310344827586,0.001379310344827586,0.09241379310344827,0.09241379310344827,0.05379310344827586
Noor Ahmad,89,50,48,20,2,0,2,3,14,0.5393258426966292,0.2247191011235955,0.02247191011235955,0.0,0.02247191011235955,0.033707865168539325,0.15730337078651685
OA Shah,389,506,122,168,29,2,34,23,13,0.31362467866323906,0.4318766066838046,0.07455012853470437,0.005141388174807198,0.08740359897172237,0.05912596401028278,0.033419023136246784
P Dogra,138,127,48,58,10,1,4,5,12,0.34782608695652173,0.42028985507246375,0.07246376811594203,0.007246376811594203,0.028985507246376812,0.036231884057971016,0.08695652173913043
P Kumar,314,340,116,102,24,0,22,17,34,0.36942675159235666,0.3248407643312102,0.07643312101910828,0.0,0.07006369426751592,0.054140127388535034,0.10828025477707007
P Negi,289,365,87,108,25,1,27,16,26,0.30103806228373703,0.3737024221453287,0.08650519031141868,0.0034602076124567475,0.09342560553633218,0.05536332179930796,0.08996539792387544
P Nissanka,294,441,87,105,9,0,57,15,21,0.29591836734693877,0.35714285714285715,0.030612244897959183,0.0,0.19387755102040816,0.05102040816326531,0.07142857142857142
P Simran Singh,1466,2393,448,506,66,5,252,122,70,0.30559345156889495,0.3451568894952251,0.045020463847203276,0.0034106412005457027,0.17189631650750342,0.08321964529331514,0.047748976807639835
PA Patel,2358,2848,872,811,127,8,365,49,127,0.36980491942324,0.34393553859202713,0.05385920271416455,0.0033927056827820186,0.1547921967769296,0.020780322307039863,0.05385920271416455
PA Reddy,160,164,55,65,12,1,15,2,10,0.34375,0.40625,0.075,0.00625,0.09375,0.0125,0.0625
PBB Rajapaksa,191,277,58,69,15,0,22,15,12,0.3036649214659686,0.3612565445026178,0.07853403141361257,0.0,0.11518324607329843,0.07853403141361257,0.06282722513089005
PC Valthaty,418,505,194,101,20,0,61,20,22,0.46411483253588515,0.24162679425837322,0.04784688995215311,0.0,0.145933014354067,0.04784688995215311,0.05263157894736842
PD Collingwood,156,203,53,66,10,1,9,13,4,0.33974358974358976,0.4230769230769231,0.0641025641025641,0.00641025641025641,0.057692307692307696,0.08333333333333333,0.02564102564102564
PD Salt,961,1662,284,291,74,3,170,89,50,0.29552549427679503,0.3028095733610822,0.07700312174817898,0.003121748178980229,0.1768990634755463,0.09261186264308012,0.05202913631633715
PHKD Mendis,69,92,19,24,14,0,7,2,4,0.2753623188405797,0.34782608695652173,0.2028985507246377,0.0,0.10144927536231885,0.028985507246376812,0.057971014492753624
PJ Cummins,402,612,124,127,40,1,39,41,33,0.30845771144278605,0.31592039800995025,0.09950248756218906,0.0024875621890547263,0.09701492537313433,0.10199004975124377,0.08208955223880597
PK Garg,241,273,70,103,23,2,16,9,19,0.29045643153526973,0.42738589211618255,0.0954356846473029,0.008298755186721992,0.06639004149377593,0.03734439834024896,0.07883817427385892
PN Mankad,73,97,27,23,5,0,13,2,3,0.3698630136986301,0.3150684931506849,0.0684931506849315,0.0,0.1780821917808219,0.0273972602739726,0.0410958904109589
PP Chawla,563,624,192,203,37,1,56,20,57,0.3410301953818828,0.3605683836589698,0.06571936056838366,0.0017761989342806395,0.0994671403197158,0.035523978685612786,0.10124333925399645
PP Shaw,1283,1892,407,429,68,3,238,61,77,0.3172252533125487,0.3343725643024162,0.05300077942322681,0.002338269680436477,0.18550272798129383,0.0475448168355417,0.060015588464536244
PR Shah,91,92,36,28,8,0,9,2,8,0.3956043956043956,0.3076923076923077,0.08791208791208792,0.0,0.0989010989010989,0.02197802197802198,0.08791208791208792
PR Veer,108,147,36,45,0,0,21,3,3,0.3333333333333333,0.4166666666666667,0.0,0.0,0.19444444444444445,0.027777777777777776,0.027777777777777776
PVD Chameera,51,53,22,17,3,0,3,3,3,0.43137254901960786,0.3333333333333333,0.058823529411764705,0.0,0.058823529411764705,0.058823529411764705,0.058823529411764705
PWH de Silva,88,81,27,31,8,0,7,1,15,0.3068181818181818,0.3522727272727273,0.09090909090909091,0.0,0.07954545454545454,0.011363636363636364,0.17045454545454544
Priyansh Arya,638,1394,158,170,39,0,123,109,39,0.2476489028213166,0.2664576802507837,0.061128526645768025,0.0,0.19278996865203762,0.17084639498432602,0.061128526645768025
Q de Kock,2715,3708,924,1008,149,6,352,161,114,0.34033149171270716,0.3712707182320442,0.05488029465930019,0.0022099447513812156,0.12965009208103132,0.05930018416206261,0.041988950276243095
R Ashwin,705,833,200,307,48,0,64,29,62,0.28368794326241137,0.43546099290780144,0.06808510638297872,0.0,0.09078014184397164,0.04113475177304964,0.08794326241134752
R Bhatia,284,342,77,119,23,1,24,13,29,0.2711267605633803,0.41901408450704225,0.08098591549295775,0.0035211267605633804,0.08450704225352113,0.045774647887323945,0.10211267605633803
R Dhawan,187,210,75,61,16,1,18,7,10,0.40106951871657753,0.32620320855614976,0.0855614973262032,0.0053475935828877,0.0962566844919786,0.0374331550802139,0.053475935828877004
R Dravid,1882,2174,708,681,118,1,269,28,77,0.37619553666312433,0.3618490967056323,0.06269925611052073,0.0005313496280552603,0.14293304994686504,0.01487778958554729,0.04091392136025505
R McLaren,171,159,61,78,8,1,14,1,8,0.3567251461988304,0.45614035087719296,0.04678362573099415,0.005847953216374269,0.08187134502923976,0.005847953216374269,0.04678362573099415
R Parag,1388,1921,422,552,87,1,136,108,84,0.30403458213256485,0.3976945244956772,0.06268011527377522,0.0007204610951008645,0.09798270893371758,0.07780979827089338,0.06051873198847262
R Powell,519,728,180,186,26,0,49,49,30,0.3468208092485549,0.3583815028901734,0.05009633911368015,0.0,0.09441233140655106,0.09441233140655106,0.057803468208092484
R Rampaul,50,51,19,15,6,0,3,2,5,0.38,0.3,0.12,0.0,0.06,0.04,0.1
R Ravindra,287,413,81,114,20,1,40,16,16,0.28222996515679444,0.397212543554007,0.06968641114982578,0.003484320557491289,0.13937282229965156,0.05574912891986063,0.05574912891986063
R Sathish,231,270,72,89,24,3,22,6,16,0.3116883116883117,0.3852813852813853,0.1038961038961039,0.012987012987012988,0.09523809523809523,0.025974025974025976,0.06926406926406926
R Sharma,75,66,35,14,7,0,5,3,11,0.4666666666666667,0.18666666666666668,0.09333333333333334,0.0,0.06666666666666667,0.04,0.14666666666666667
R Shepherd,207,353,54,77,9,0,21,29,17,0.2608695652173913,0.3719806763285024,0.043478260869565216,0.0,0.10144927536231885,0.14009661835748793,0.0821256038647343
R Tewatia,988,1340,288,412,65,0,114,57,55,0.291497975708502,0.41700404858299595,0.06578947368421052,0.0,0.11538461538461539,0.057692307692307696,0.05566801619433198
R Vinay Kumar,274,310,79,110,31,0,21,9,26,0.28832116788321166,0.40145985401459855,0.11313868613138686,0.0,0.07664233576642336,0.032846715328467155,0.0948905109489051
RA Jadeja,2811,3656,749,1256,285,6,273,120,129,0.2664532194948417,0.44681607968694415,0.10138740661686232,0.0021344717182497333,0.09711846318036287,0.042689434364994665,0.04589114194236926
RA Tripathi,1662,2291,519,628,111,5,229,85,86,0.31227436823104693,0.3778580024067389,0.06678700361010831,0.0030084235860409147,0.13778580024067388,0.05114320096269555,0.05174488567990373
RD Chahar,124,129,53,31,8,0,13,5,16,0.4274193548387097,0.25,0.06451612903225806,0.0,0.10483870967741936,0.04032258064516129,0.12903225806451613
RD Gaikwad,2261,3036,737,879,156,13,282,113,82,0.32596196373286157,0.38876603272888105,0.06899601946041574,0.005749668288367979,0.12472357363998231,0.04997788589119859,0.0362671384343211
RD Rickelton,686,1168,223,224,33,0,104,77,28,0.3250728862973761,0.32653061224489793,0.048104956268221574,0.0,0.15160349854227406,0.11224489795918367,0.04081632653061224
RE Levi,73,83,34,19,0,0,10,4,6,0.4657534246575342,0.2602739726027397,0.0,0.0,0.136986301369863,0.0547945205479452,0.0821917808219178
RE van der Merwe,141,159,53,53,4,2,11,8,11,0.375886524822695,0.375886524822695,0.028368794326241134,0.014184397163120567,0.07801418439716312,0.05673758865248227,0.07801418439716312
RG Sharma,5586,7459,1853,2186,280,10,679,327,257,0.3317221625492302,0.3913354815610455,0.05012531328320802,0.0017901897601145722,0.12155388471177944,0.05853920515574651,0.046007876834944506
RJ Harris,112,117,34,40,16,1,6,3,12,0.30357142857142855,0.35714285714285715,0.14285714285714285,0.008928571428571428,0.05357142857142857,0.026785714285714284,0.10714285714285714
RJ Quiney,102,103,47,30,2,1,12,3,7,0.46078431372549017,0.29411764705882354,0.0196078431372549,0.00980392156862745,0.11764705882352941,0.029411764705882353,0.06862745098039216
RK Singh,1216,1756,334,527,73,1,150,80,51,0.2746710526315789,0.43338815789473684,0.060032894736842105,0.0008223684210526315,0.12335526315789473,0.06578947368421052,0.04194078947368421
RM Patidar,1104,1882,272,465,51,1,118,140,57,0.2463768115942029,0.421195652173913,0.04619565217391304,0.0009057971014492754,0.1068840579710145,0.12681159420289856,0.051630434782608696
RN ten Doeschate,235,326,62,102,15,0,26,15,17,0.26382978723404255,0.4340425531914894,0.06382978723404255,0.0,0.11063829787234042,0.06382978723404255,0.07234042553191489
RP Singh,76,52,25,31,2,1,2,1,15,0.32894736842105265,0.40789473684210525,0.02631578947368421,0.013157894736842105,0.02631578947368421,0.013157894736842105,0.19736842105263158
RR Pant,2867,4136,862,1137,180,2,375,188,125,0.30066271363794905,0.396581792814789,0.06278339727938612,0.0006975933031042902,0.1307987443320544,0.06557377049180328,0.04359958144401814
RR Powar,64,67,24,23,7,0,6,1,3,0.375,0.359375,0.109375,0.0,0.09375,0.015625,0.046875
RR Rossouw,308,473,95,101,21,0,45,25,21,0.30844155844155846,0.32792207792207795,0.06818181818181818,0.0,0.1461038961038961,0.08116883116883117,0.06818181818181818
RR Sarwan,75,73,28,31,6,0,6,1,3,0.37333333333333335,0.41333333333333333,0.08,0.0,0.08,0.013333333333333334,0.04
RS Bopara,453,531,141,204,27,7,39,16,19,0.31125827814569534,0.4503311258278146,0.059602649006622516,0.01545253863134658,0.08609271523178808,0.03532008830022075,0.04194260485651214
RT Ponting,128,91,60,47,6,0,5,2,8,0.46875,0.3671875,0.046875,0.0,0.0390625,0.015625,0.0625
RV Gomez,51,50,19,16,4,0,5,1,7,0.37254901960784315,0.3137254901960784,0.0784313725490196,0.0,0.09803921568627451,0.0196078431372549,0.13725490196078433
RV Patel,73,80,23,35,3,1,6,2,5,0.3150684931506849,0.4794520547945205,0.0410958904109589,0.0136986301369863,0.0821917808219178,0.0273972602739726,0.0684931506849315
RV Uthappa,3801,4954,1291,1418,230,15,481,182,182,0.3396474611944225,0.3730597211260195,0.06051039200210471,0.003946329913180742,0.12654564588266246,0.04788213627992634,0.04788213627992634
Rahmanullah Gurbaz,269,363,115,68,12,1,34,22,17,0.4275092936802974,0.2527881040892193,0.04460966542750929,0.0037174721189591076,0.12639405204460966,0.08178438661710037,0.06319702602230483
Ramandeep Singh,341,463,91,144,23,1,33,23,26,0.2668621700879765,0.4222873900293255,0.06744868035190615,0.002932551319648094,0.0967741935483871,0.06744868035190615,0.07624633431085044
Rashid Khan,452,690,129,137,46,1,53,41,51,0.2853982300884956,0.3030973451327434,0.10176991150442478,0.0022123893805309734,0.1172566371681416,0.09070796460176991,0.11283185840707964
Ravi Bishnoi,75,45,36,18,2,1,2,2,15,0.48,0.24,0.02666666666666667,0.013333333333333334,0.02666666666666667,0.02666666666666667,0.2
S Anirudha,113,136,38,44,7,0,9,7,8,0.336283185840708,0.3893805309734513,0.061946902654867256,0.0,0.07964601769911504,0.061946902654867256,0.07079646017699115
S Aravind,57,59,21,21,5,0,7,0,3,0.3684210526315789,0.3684210526315789,0.08771929824561403,0.0,0.12280701754385964,0.0,0.05263157894736842
S Arora,159,279,42,63,0,0,18,24,12,0.2641509433962264,0.39622641509433965,0.0,0.0,0.11320754716981132,0.1509433962264151,0.07547169811320754
S Badrinath,1212,1441,414,484,85,1,154,28,48,0.3415841584158416,0.39933993399339934,0.07013201320132013,0.0008250825082508251,0.12706270627062707,0.0231023102310231,0.039603960396039604
S Dhawan,5326,6769,1788,2102,299,23,768,153,193,0.33571160345475026,0.3946676680435599,0.05613969207660533,0.004318437852046564,0.14419827262485918,0.028726999624483666,0.03623732632369508
S Dube,1615,2309,481,668,99,1,150,140,76,0.2978328173374613,0.4136222910216718,0.06130030959752322,0.0006191950464396285,0.09287925696594428,0.08668730650154799,0.047058823529411764
S Gopal,169,180,54,70,11,0,19,2,13,0.31952662721893493,0.41420118343195267,0.0650887573964497,0.0,0.11242603550295859,0.011834319526627219,0.07692307692307693
S Nadeem,87,39,41,25,3,0,2,0,16,0.47126436781609193,0.28735632183908044,0.034482758620689655,0.0,0.022988505747126436,0.0,0.1839080459770115
S Rana,81,91,27,29,10,0,9,1,5,0.3333333333333333,0.35802469135802467,0.12345679012345678,0.0,0.1111111111111111,0.012345679012345678,0.06172839506172839
S Sohal,292,368,122,82,17,1,34,18,18,0.4178082191780822,0.2808219178082192,0.05821917808219178,0.003424657534246575,0.11643835616438356,0.06164383561643835,0.06164383561643835
S Sreesanth,55,34,38,6,2,0,6,0,3,0.6909090909090909,0.10909090909090909,0.03636363636363636,0.0,0.10909090909090909,0.0,0.05454545454545454
S Vidyut,109,145,41,30,5,1,21,3,8,0.3761467889908257,0.27522935779816515,0.045871559633027525,0.009174311926605505,0.1926605504587156,0.027522935779816515,0.07339449541284404
SA Asnodkar,339,423,133,105,17,0,56,10,19,0.39233038348082594,0.30973451327433627,0.05014749262536873,0.0,0.16519174041297935,0.029498525073746312,0.05604719764011799
SA Yadav,3246,4797,949,1248,208,7,508,180,147,0.29235982747997535,0.3844731977818854,0.0640788662969809,0.0021565003080714724,0.15650030807147258,0.05545286506469501,0.04528650646950092
SB Bangar,58,49,22,25,1,0,1,3,6,0.3793103448275862,0.43103448275862066,0.017241379310344827,0.0,0.017241379310344827,0.05172413793103448,0.10344827586206896
SB Dubey,154,289,30,65,10,0,27,16,7,0.19480519480519481,0.42207792207792205,0.06493506493506493,0.0,0.17532467532467533,0.1038961038961039,0.045454545454545456
SB Styris,133,131,45,63,5,0,10,3,7,0.3383458646616541,0.47368421052631576,0.03759398496240601,0.0,0.07518796992481203,0.022556390977443608,0.05263157894736842
SC Ganguly,1263,1349,545,427,54,3,137,42,54,0.43151227236737927,0.33808392715756136,0.04275534441805225,0.0023752969121140144,0.10847189231987332,0.0332541567695962,0.04275534441805225
SD Chitnis,89,99,29,37,5,0,10,2,7,0.3258426966292135,0.4157303370786517,0.056179775280898875,0.0,0.11235955056179775,0.02247191011235955,0.07865168539325842
SD Hope,122,183,37,43,10,0,12,12,8,0.30327868852459017,0.3524590163934426,0.08196721311475409,0.0,0.09836065573770492,0.09836065573770492,0.06557377049180328
SE Marsh,1871,2489,631,724,99,6,269,78,65,0.3372528059861037,0.38695884553714593,0.05291288081239979,0.003206841261357563,0.14377338321753072,0.04168893639764832,0.034740780331373594
SE Rutherford,451,706,143,160,22,0,37,59,30,0.3170731707317073,0.35476718403547675,0.04878048780487805,0.0,0.082039911308204,0.13082039911308205,0.06651884700665188
SK Raina,4046,5536,1182,1708,271,11,506,204,167,0.2921403855659911,0.42214532871972316,0.06697973306969847,0.002718734552644587,0.12506178942165103,0.05042016806722689,0.04127533366287692
SK Rasheed,63,71,29,13,5,0,9,2,5,0.4603174603174603,0.20634920634920634,0.07936507936507936,0.0,0.14285714285714285,0.031746031746031744,0.07936507936507936
SK Trivedi,59,42,27,16,4,0,3,1,8,0.4576271186440678,0.2711864406779661,0.06779661016949153,0.0,0.05084745762711865,0.01694915254237288,0.13559322033898305
SK Warne,214,198,82,82,12,0,14,6,19,0.38317757009345793,0.38317757009345793,0.056074766355140186,0.0,0.06542056074766354,0.028037383177570093,0.08878504672897196
SL Malinga,99,88,43,32,1,0,6,5,12,0.43434343434343436,0.32323232323232326,0.010101010101010102,0.0,0.06060606060606061,0.050505050505050504,0.12121212121212122
SM Curran,731,997,214,293,59,0,85,41,41,0.292749658002736,0.4008207934336525,0.08071135430916553,0.0,0.11627906976744186,0.0560875512995896,0.0560875512995896
SM Katich,186,241,70,56,15,1,26,8,10,0.3763440860215054,0.3010752688172043,0.08064516129032258,0.005376344086021506,0.13978494623655913,0.043010752688172046,0.053763440860215055
SM Pollock,111,147,34,47,2,0,12,8,8,0.3063063063063063,0.42342342342342343,0.018018018018018018,0.0,0.10810810810810811,0.07207207207207207,0.07207207207207207
SN Khan,733,1068,216,262,43,0,132,32,50,0.2946793997271487,0.35743519781718963,0.058663028649386086,0.0,0.1800818553888131,0.04365620736698499,0.06821282401091405
SN Thakur,290,367,79,114,20,1,33,13,31,0.27241379310344827,0.3931034482758621,0.06896551724137931,0.0034482758620689655,0.11379310344827587,0.04482758620689655,0.10689655172413794
SO Hetmyer,1166,1704,331,457,104,1,106,102,68,0.28387650085763294,0.39193825042881647,0.08919382504288165,0.0008576329331046312,0.09090909090909091,0.08747855917667238,0.058319039451114926
SP Fleming,165,196,72,42,11,2,27,3,9,0.43636363636363634,0.2545454545454545,0.06666666666666667,0.012121212121212121,0.16363636363636364,0.01818181818181818,0.05454545454545454
SP Goswami,295,293,114,110,17,1,32,3,20,0.3864406779661017,0.3728813559322034,0.0576271186440678,0.003389830508474576,0.10847457627118644,0.010169491525423728,0.06779661016949153
SP Jackson,57,61,14,27,4,0,5,1,6,0.24561403508771928,0.47368421052631576,0.07017543859649122,0.0,0.08771929824561403,0.017543859649122806,0.10526315789473684
SP Narine,1165,1900,436,258,43,1,195,128,104,0.3742489270386266,0.22145922746781116,0.03690987124463519,0.0008583690987124463,0.16738197424892703,0.10987124463519313,0.08927038626609442
SPD Smith,1945,2495,533,882,164,7,226,60,78,0.27403598971722365,0.45347043701799483,0.08431876606683805,0.0035989717223650387,0.11619537275064268,0.030848329048843187,0.04010282776349614
SR Tendulkar,1948,2334,711,721,117,7,296,29,71,0.36498973305954824,0.3701232032854209,0.060061601642710474,0.003593429158110883,0.15195071868583163,0.014887063655030801,0.0364476386036961
SR Watson,2813,3880,1050,933,135,8,377,190,125,0.37326697476004267,0.3316743690010665,0.047991468183434055,0.0028439388553146107,0.13402061855670103,0.067543547813722,0.04443654461429079
SS Iyer,3331,4662,958,1452,200,7,369,218,129,0.28760132092464724,0.43590513359351546,0.06004202942059442,0.0021014710297208045,0.1107775442809967,0.06544581206844792,0.0387271089762834
SS Prabhudessai,106,126,40,28,12,2,11,4,9,0.37735849056603776,0.2641509433962264,0.11320754716981132,0.018867924528301886,0.10377358490566038,0.03773584905660377,0.08490566037735849
SS Tiwary,1244,1494,383,554,95,2,111,50,49,0.30787781350482313,0.4453376205787781,0.07636655948553055,0.001607717041800643,0.08922829581993569,0.04019292604501608,0.03938906752411576
ST Jayasuriya,532,768,222,128,22,7,84,39,29,0.41729323308270677,0.24060150375939848,0.041353383458646614,0.013157894736842105,0.15789473684210525,0.07330827067669173,0.05451127819548872
STR Binny,683,880,209,263,61,7,66,35,44,0.30600292825768666,0.3850658857979502,0.08931185944363104,0.010248901903367497,0.09663250366032211,0.05124450951683748,0.06442166910688141
SV Samson,3920,5616,1168,1592,230,21,478,264,171,0.2979591836734694,0.4061224489795918,0.058673469387755105,0.005357142857142857,0.12193877551020409,0.0673469387755102,0.04362244897959184
SW Billings,388,503,115,152,34,1,40,20,26,0.2963917525773196,0.3917525773195876,0.08762886597938144,0.002577319587628866,0.10309278350515463,0.05154639175257732,0.06701030927835051
Sachin Baby,118,144,36,44,13,0,11,5,10,0.3050847457627119,0.3728813559322034,0.11016949152542373,0.0,0.09322033898305085,0.0423728813559322,0.0847457627118644
Salman Butt,161,193,68,47,7,0,30,2,7,0.422360248447205,0.2919254658385093,0.043478260869565216,0.0,0.18633540372670807,0.012422360248447204,0.043478260869565216
Sameer Rizvi,542,799,180,187,42,0,60,48,25,0.33210332103321033,0.34501845018450183,0.07749077490774908,0.0,0.11070110701107011,0.08856088560885608,0.046125461254612546
Sandeep Sharma,75,60,25,38,3,0,4,0,5,0.3333333333333333,0.5066666666666667,0.04,0.0,0.05333333333333334,0.0,0.06666666666666667
Shahbaz Ahmed,496,590,140,230,38,2,32,25,30,0.28225806451612906,0.4637096774193548,0.07661290322580645,0.004032258064516129,0.06451612903225806,0.05040322580645161,0.06048387096774194
Shakib Al Hasan,639,795,176,287,45,0,73,21,39,0.27543035993740217,0.4491392801251956,0.07042253521126761,0.0,0.11424100156494522,0.03286384976525822,0.06103286384976526
Shashank Singh,598,983,137,262,46,1,74,55,24,0.22909698996655517,0.43812709030100333,0.07692307692307693,0.0016722408026755853,0.12374581939799331,0.09197324414715718,0.04013377926421405
Shivam Mavi,56,51,21,17,3,0,4,2,9,0.375,0.30357142857142855,0.05357142857142857,0.0,0.07142857142857142,0.03571428571428571,0.16071428571428573
Shubman Gill,3507,4985,973,1501,260,11,474,170,118,0.2774451097804391,0.42800114057599087,0.07413743940690048,0.003136583974907328,0.13515825491873396,0.04847447961220416,0.03364699173082407
Sikandar Raza,136,182,45,44,18,2,12,8,7,0.33088235294117646,0.3235294117647059,0.1323529411764706,0.014705882352941176,0.08823529411764706,0.058823529411764705,0.051470588235294115
T Kohler-Cadmore,54,48,30,12,1,0,7,1,3,0.5555555555555556,0.2222222222222222,0.018518518518518517,0.0,0.12962962962962962,0.018518518518518517,0.05555555555555555
T Stubbs,871,1314,189,429,72,2,96,56,26,0.21699196326061998,0.4925373134328358,0.08266360505166476,0.002296211251435132,0.11021814006888633,0.0642939150401837,0.029850746268656716
TA Boult,87,88,28,32,9,0,5,3,11,0.3218390804597701,0.367816091954023,0.10344827586206896,0.0,0.05747126436781609,0.034482758620689655,0.12643678160919541
TG Southee,107,120,35,37,11,0,8,4,11,0.32710280373831774,0.34579439252336447,0.102803738317757,0.0,0.07476635514018691,0.037383177570093455,0.102803738317757
TH David,788,1422,198,304,52,2,90,108,35,0.2512690355329949,0.38578680203045684,0.06598984771573604,0.0025380710659898475,0.11421319796954314,0.13705583756345177,0.044416243654822336
TK Curran,107,127,31,47,11,0,10,3,5,0.2897196261682243,0.4392523364485981,0.102803738317757,0.0,0.09345794392523364,0.028037383177570093,0.04672897196261682
TL Seifert,77,83,30,20,1,1,10,3,12,0.38961038961038963,0.2597402597402597,0.012987012987012988,0.012987012987012988,0.12987012987012986,0.03896103896103896,0.15584415584415584
TL Suman,575,676,214,205,43,3,55,26,30,0.37217391304347824,0.3565217391304348,0.07478260869565218,0.0052173913043478265,0.09565217391304348,0.04521739130434783,0.05217391304347826
TM Dilshan,1007,1153,412,335,54,2,140,24,41,0.40913604766633566,0.3326713008937438,0.05362462760675273,0.0019860973187686196,0.13902681231380337,0.023833167825223437,0.0407149950347567
TM Head,1154,1932,358,362,68,0,204,103,60,0.31022530329289427,0.31369150779896016,0.058925476603119586,0.0,0.17677642980935876,0.08925476603119584,0.05199306759098787
TR Birt,58,75,21,15,6,0,9,2,5,0.3620689655172414,0.25862068965517243,0.10344827586206896,0.0,0.15517241379310345,0.034482758620689655,0.08620689655172414
TU Deshpande,55,103,12,17,9,0,2,10,5,0.21818181818181817,0.3090909090909091,0.16363636363636364,0.0,0.03636363636363636,0.18181818181818182,0.09090909090909091
Tilak Varma,1371,2063,363,585,87,4,176,98,59,0.2647702407002188,0.42669584245076586,0.06345733041575492,0.0029175784099197666,0.12837345003646974,0.07148067104303428,0.043034281546316555
UBT Chand,300,300,136,88,15,0,32,9,20,0.4533333333333333,0.29333333333333333,0.05,0.0,0.10666666666666667,0.03,0.06666666666666667
UT Khawaja,100,127,34,38,6,1,14,3,5,0.34,0.38,0.06,0.01,0.14,0.03,0.05
UT Yadav,201,208,77,70,10,0,16,9,20,0.38308457711442784,0.3482587064676617,0.04975124378109453,0.0,0.07960199004975124,0.04477611940298507,0.09950248756218906
V Kohli,7210,9808,2102,3087,518,21,900,337,252,0.29153952843273234,0.42815533980582526,0.07184466019417475,0.002912621359223301,0.12482662968099861,0.04674063800277393,0.03495145631067961
V Nigam,100,178,26,32,5,0,22,8,7,0.26,0.32,0.05,0.0,0.22,0.08,0.07
V Sehwag,1755,2728,562,558,96,2,334,106,98,0.32022792022792024,0.31794871794871793,0.0547008547008547,0.0011396011396011395,0.1903133903133903,0.0603988603988604,0.05584045584045584
V Shankar,950,1233,258,428,81,1,88,48,46,0.27157894736842103,0.45052631578947366,0.08526315789473685,0.0010526315789473684,0.09263157894736843,0.05052631578947368,0.04842105263157895
V Suryavanshi,626,1452,183,146,8,0,120,135,34,0.29233226837060705,0.23322683706070288,0.012779552715654952,0.0,0.19169329073482427,0.21565495207667731,0.054313099041533544
VR Aaron,72,50,38,22,4,0,2,2,4,0.5277777777777778,0.3055555555555556,0.05555555555555555,0.0,0.027777777777777776,0.027777777777777776,0.05555555555555555
VR Iyer,1159,1591,384,425,82,1,142,71,53,0.33132010353753233,0.36669542709232095,0.07075064710957722,0.0008628127696289905,0.12251941328731665,0.061259706643658325,0.0457290767903365
VVS Laxman,267,282,104,100,10,0,33,5,16,0.3895131086142322,0.37453183520599254,0.03745318352059925,0.0,0.12359550561797752,0.018726591760299626,0.0599250936329588
Vishnu Vinod,57,56,20,24,1,0,3,3,6,0.3508771929824561,0.42105263157894735,0.017543859649122806,0.0,0.05263157894736842,0.05263157894736842,0.10526315789473684
W Jaffer,121,130,49,41,6,1,14,3,7,0.4049586776859504,0.33884297520661155,0.049586776859504134,0.008264462809917356,0.11570247933884298,0.024793388429752067,0.05785123966942149
WA Mota,75,56,24,40,4,0,2,0,5,0.32,0.5333333333333333,0.05333333333333334,0.0,0.02666666666666667,0.0,0.06666666666666667
WD Parnell,80,65,30,33,5,0,4,1,10,0.375,0.4125,0.0625,0.0,0.05,0.0125,0.125
WG Jacks,369,601,112,133,14,0,53,38,19,0.3035230352303523,0.3604336043360434,0.037940379403794036,0.0,0.14363143631436315,0.10298102981029811,0.051490514905149054
WP Saha,2300,2934,751,878,166,6,296,87,118,0.3265217391304348,0.38173913043478264,0.07217391304347825,0.0026086956521739132,0.12869565217391304,0.03782608695652174,0.051304347826086956
WPUJC Vaas,73,81,17,33,11,0,2,3,7,0.2328767123287671,0.4520547945205479,0.1506849315068493,0.0,0.0273972602739726,0.0410958904109589,0.0958904109589041
Washington Sundar,759,1018,191,340,48,4,96,31,50,0.2516469038208169,0.4479578392621871,0.06324110671936758,0.005270092226613966,0.12648221343873517,0.04084321475625823,0.06587615283267458
Y Nagar,259,285,87,109,18,2,20,9,15,0.3359073359073359,0.42084942084942084,0.0694980694980695,0.007722007722007722,0.07722007722007722,0.03474903474903475,0.05791505791505792
Y Venugopal Rao,836,985,289,341,53,1,77,37,42,0.3456937799043062,0.40789473684210525,0.06339712918660287,0.0011961722488038277,0.09210526315789473,0.04425837320574163,0.050239234449760764
YBK Jaiswal,1996,3084,683,649,74,6,367,131,83,0.34218436873747493,0.3251503006012024,0.03707414829659319,0.003006012024048096,0.18386773547094187,0.0656312625250501,0.04158316633266533
YK Pathan,2245,3222,678,877,156,5,263,161,110,0.3020044543429844,0.3906458797327394,0.06948775055679288,0.0022271714922048997,0.11714922048997772,0.07171492204899778,0.04899777282850779
YS Chahal,86,37,49,28,3,1,0,0,6,0.5697674418604651,0.32558139534883723,0.03488372093023256,0.011627906976744186,0.0,0.0,0.06976744186046512
YV Takawale,178,192,87,41,12,0,26,3,8,0.4887640449438202,0.2303370786516854,0.06741573033707865,0.0,0.14606741573033707,0.016853932584269662,0.0449438202247191
Yashpal Singh,66,47,34,20,2,1,5,0,4,0.5151515151515151,0.30303030303030304,0.030303030303030304,0.015151515151515152,0.07575757575757576,0.0,0.06060606060606061
Yuvraj Singh,2122,2754,784,741,119,3,218,149,109,0.3694627709707823,0.3491988689915174,0.056079170593779454,0.001413760603204524,0.10273327049952875,0.07021677662582469,0.05136663524976438
Z Khan,141,117,61,47,7,0,11,2,15,0.4326241134751773,0.3333333333333333,0.04964539007092199,0.0,0.07801418439716312,0.014184397163120567,0.10638297872340426
