batter,bowling_style,balls_faced,total_runs,wickets,strike_rate,out_rate
A Ashish Reddy,Other Pace/Spin,188,266,15,141.48936170212767,7.9787234042553195
A Badoni,Leg-break,55,54,3,98.18181818181819,5.454545454545454
A Badoni,Other Pace/Spin,912,1300,49,142.54385964912282,5.37280701754386
A Badoni,Right-arm Off-break,94,77,3,81.91489361702128,3.1914893617021276
A Chopra,Other Pace/Spin,75,53,5,70.66666666666667,6.666666666666667
A Flintoff,Other Pace/Spin,57,62,2,108.77192982456141,3.508771929824561
A Kamboj,Other Pace/Spin,110,133,1,120.9090909090909,0.9090909090909091
A Kumble,Other Pace/Spin,46,33,2,71.73913043478261,4.3478260869565215
A Manohar,Other Pace/Spin,178,207,16,116.29213483146069,8.98876404494382
A Mhatre,Other Pace/Spin,435,767,22,176.32183908045977,5.057471264367816
A Mishra,Other Pace/Spin,421,373,29,88.59857482185272,6.88836104513064
A Nehra,Other Pace/Spin,62,41,7,66.12903225806451,11.29032258064516
A Nortje,Other Pace/Spin,47,43,8,91.48936170212765,17.02127659574468
A Raghuvanshi,Left-arm Fast,33,59,0,178.78787878787878,0.0
A Raghuvanshi,Other Pace/Spin,670,949,32,141.6417910447761,4.776119402985075
A Raghuvanshi,Right-arm Fast,50,52,0,104.0,0.0
A Symonds,Other Pace/Spin,756,946,24,125.13227513227514,3.1746031746031744
AA Bilakhia,Other Pace/Spin,88,69,5,78.4090909090909,5.681818181818182
AA Jhunjhunwala,Other Pace/Spin,218,217,14,99.54128440366972,6.422018348623854
AB Agarkar,Other Pace/Spin,150,175,7,116.66666666666667,4.666666666666667
AB Barath,Other Pace/Spin,43,42,2,97.67441860465115,4.651162790697675
AB Dinda,Other Pace/Spin,50,26,9,52.0,18.0
AB McDonald,Other Pace/Spin,103,123,5,119.41747572815532,4.854368932038835
AB de Villiers,Left-arm Orthodox,93,111,2,119.35483870967742,2.1505376344086025
AB de Villiers,Leg-break,43,45,3,104.65116279069768,6.976744186046512
AB de Villiers,Other Pace/Spin,3097,4636,109,149.69325153374234,3.519535033903778
AB de Villiers,Right-arm Fast,120,190,4,158.33333333333331,3.3333333333333335
AB de Villiers,Right-arm Off-break,101,122,6,120.79207920792079,5.9405940594059405
AC Blizzard,Other Pace/Spin,91,120,7,131.86813186813185,7.6923076923076925
AC Gilchrist,Other Pace/Spin,1494,2005,72,134.20348058902277,4.819277108433735
AC Gilchrist,Right-arm Off-break,58,62,3,106.89655172413792,5.172413793103448
AC Voges,Other Pace/Spin,143,181,6,126.57342657342659,4.195804195804196
AD Hales,Other Pace/Spin,101,132,6,130.6930693069307,5.9405940594059405
AD Mascarenhas,Other Pace/Spin,79,79,10,100.0,12.658227848101266
AD Mathews,Other Pace/Spin,554,672,29,121.29963898916967,5.234657039711191
AD Mathews,Right-arm Off-break,34,40,2,117.64705882352942,5.88235294117647
AD Nath,Other Pace/Spin,77,69,8,89.6103896103896,10.38961038961039
AD Russell,Left-arm Orthodox,35,47,0,134.28571428571428,0.0
AD Russell,Leg-break,82,127,5,154.8780487804878,6.097560975609756
AD Russell,Other Pace/Spin,1384,2293,75,165.67919075144508,5.41907514450867
AD Russell,Right-arm Fast,87,156,6,179.31034482758622,6.896551724137931
AF Milne,Other Pace/Spin,31,23,5,74.19354838709677,16.129032258064516
AG Paunikar,Other Pace/Spin,61,49,5,80.32786885245902,8.19672131147541
AJ Finch,Leg-break,62,82,2,132.25806451612902,3.225806451612903
AJ Finch,Other Pace/Spin,1454,1802,76,123.93397524071528,5.226960110041266
AJ Finch,Right-arm Fast,68,58,2,85.29411764705883,2.941176470588235
AJ Finch,Right-arm Off-break,51,64,0,125.49019607843137,0.0
AJ Tye,Other Pace/Spin,66,76,7,115.15151515151516,10.606060606060606
AK Markram,Leg-break,51,58,1,113.72549019607843,1.9607843137254901
AK Markram,Other Pace/Spin,1284,1782,63,138.78504672897196,4.906542056074766
AK Markram,Right-arm Off-break,86,70,4,81.3953488372093,4.651162790697675
AL Menaria,Other Pace/Spin,329,367,20,111.5501519756839,6.079027355623101
AM Nayar,Other Pace/Spin,578,661,38,114.3598615916955,6.5743944636678195
AM Rahane,Left-arm Fast,80,81,3,101.25,3.75
AM Rahane,Left-arm Orthodox,36,39,3,108.33333333333333,8.333333333333332
AM Rahane,Leg-break,94,107,5,113.82978723404256,5.319148936170213
AM Rahane,Other Pace/Spin,3994,4930,165,123.43515272909364,4.131196795192789
AM Rahane,Right-arm Fast,159,212,0,133.33333333333331,0.0
AM Rahane,Right-arm Off-break,121,130,10,107.43801652892562,8.264462809917356
AP Majumdar,Other Pace/Spin,73,86,4,117.8082191780822,5.47945205479452
AP Tare,Other Pace/Spin,268,319,24,119.02985074626866,8.955223880597014
AR Patel,Left-arm Orthodox,40,74,0,185.0,0.0
AR Patel,Leg-break,111,139,8,125.22522522522523,7.207207207207207
AR Patel,Other Pace/Spin,1267,1625,80,128.2557221783741,6.3141278610891876
AR Patel,Right-arm Fast,79,82,7,103.79746835443038,8.860759493670885
AR Patel,Right-arm Off-break,71,65,8,91.54929577464789,11.267605633802818
AS Raut,Other Pace/Spin,170,191,10,112.3529411764706,5.88235294117647
AS Roy,Other Pace/Spin,95,124,12,130.5263157894737,12.631578947368421
AS Yadav,Other Pace/Spin,40,49,7,122.50000000000001,17.5
AT Rayudu,Left-arm Fast,30,43,0,143.33333333333334,0.0
AT Rayudu,Left-arm Orthodox,40,50,1,125.0,2.5
AT Rayudu,Leg-break,159,156,5,98.11320754716981,3.1446540880503147
AT Rayudu,Other Pace/Spin,3013,3835,131,127.28177895784931,4.3478260869565215
AT Rayudu,Right-arm Fast,68,94,4,138.23529411764704,5.88235294117647
AT Rayudu,Right-arm Off-break,152,143,9,94.07894736842105,5.921052631578947
Abdul Samad,Leg-break,47,38,2,80.85106382978722,4.25531914893617
Abdul Samad,Other Pace/Spin,572,826,48,144.4055944055944,8.391608391608392
Abdul Samad,Right-arm Off-break,30,31,1,103.33333333333334,3.3333333333333335
Abhishek Sharma,Left-arm Fast,50,60,3,120.0,6.0
Abhishek Sharma,Leg-break,62,143,2,230.6451612903226,3.225806451612903
Abhishek Sharma,Other Pace/Spin,1540,2591,78,168.24675324675326,5.0649350649350655
Abhishek Sharma,Right-arm Fast,77,67,6,87.01298701298701,7.792207792207792
Abhishek Sharma,Right-arm Off-break,70,121,2,172.85714285714286,2.857142857142857
Abishek Porel,Other Pace/Spin,490,686,26,140.0,5.3061224489795915
Aman Hakim Khan,Other Pace/Spin,92,99,7,107.6086956521739,7.608695652173914
Aniket Verma,Other Pace/Spin,256,383,20,149.609375,7.8125
Anirudh Singh,Other Pace/Spin,69,63,4,91.30434782608695,5.797101449275362
Ankit Sharma,Other Pace/Spin,50,55,6,110.00000000000001,12.0
Anmolpreet Singh,Other Pace/Spin,97,117,6,120.61855670103093,6.185567010309279
Anuj Rawat,Other Pace/Spin,233,282,14,121.03004291845494,6.008583690987124
Anureet Singh,Other Pace/Spin,44,33,4,75.0,9.090909090909092
Arshad Khan,Other Pace/Spin,74,99,6,133.7837837837838,8.108108108108109
Arshdeep Singh,Other Pace/Spin,47,29,6,61.702127659574465,12.76595744680851
Ashutosh Sharma,Other Pace/Spin,282,451,17,159.9290780141844,6.028368794326241
Atharva Taide,Other Pace/Spin,157,238,8,151.5923566878981,5.095541401273886
Avesh Khan,Other Pace/Spin,47,48,3,102.12765957446808,6.382978723404255
Azhar Mahmood,Other Pace/Spin,296,369,17,124.66216216216218,5.743243243243244
Azmatullah Omarzai,Other Pace/Spin,67,88,7,131.34328358208955,10.44776119402985
B Akhil,Other Pace/Spin,57,76,7,133.33333333333331,12.280701754385964
B Chipli,Other Pace/Spin,250,273,15,109.2,6.0
B Kumar,Other Pace/Spin,381,357,35,93.7007874015748,9.186351706036746
B Lee,Other Pace/Spin,98,123,10,125.51020408163265,10.204081632653061
B Sai Sudharsan,Left-arm Fast,39,43,2,110.25641025641026,5.128205128205128
B Sai Sudharsan,Left-arm Orthodox,68,134,1,197.05882352941177,1.4705882352941175
B Sai Sudharsan,Left-arm Wrist-spin,32,36,1,112.5,3.125
B Sai Sudharsan,Other Pace/Spin,1638,2411,49,147.1916971916972,2.9914529914529915
B Sai Sudharsan,Right-arm Fast,63,69,5,109.52380952380953,7.936507936507936
B Sai Sudharsan,Right-arm Off-break,45,44,4,97.77777777777777,8.88888888888889
B Sumanth,Other Pace/Spin,35,33,1,94.28571428571428,2.857142857142857
BA Stokes,Other Pace/Spin,557,732,31,131.41831238779173,5.565529622980251
BA Stokes,Right-arm Fast,37,43,2,116.21621621621621,5.405405405405405
BA Stokes,Right-arm Off-break,34,39,1,114.70588235294117,2.941176470588235
BB McCullum,Other Pace/Spin,2098,2677,94,127.59771210676836,4.480457578646329
BB McCullum,Right-arm Fast,35,50,1,142.85714285714286,2.857142857142857
BB McCullum,Right-arm Off-break,71,61,6,85.91549295774648,8.450704225352112
BB Samantray,Other Pace/Spin,115,121,5,105.21739130434781,4.3478260869565215
BCJ Cutting,Other Pace/Spin,122,211,6,172.95081967213116,4.918032786885246
BJ Hodge,Other Pace/Spin,1101,1333,45,121.07175295186194,4.087193460490464
BJ Rohrer,Other Pace/Spin,144,191,7,132.63888888888889,4.861111111111112
BR Dunk,Other Pace/Spin,36,40,3,111.11111111111111,8.333333333333332
Basil Thampi,Other Pace/Spin,35,31,2,88.57142857142857,5.714285714285714
Bipul Sharma,Other Pace/Spin,112,172,5,153.57142857142858,4.464285714285714
C Bosch,Other Pace/Spin,40,77,2,192.5,5.0
C Connolly,Leg-break,36,66,0,183.33333333333331,0.0
C Connolly,Other Pace/Spin,399,609,15,152.63157894736844,3.7593984962406015
C Connolly,Right-arm Fast,33,78,0,236.36363636363637,0.0
C Green,Leg-break,80,134,3,167.5,3.75
C Green,Other Pace/Spin,716,1037,31,144.83240223463687,4.329608938547486
C Green,Right-arm Off-break,30,41,3,136.66666666666666,10.0
C Munro,Other Pace/Spin,118,152,7,128.81355932203388,5.932203389830509
C de Grandhomme,Leg-break,30,36,2,120.0,6.666666666666667
C de Grandhomme,Other Pace/Spin,180,261,11,145.0,6.111111111111111
CA Ingram,Other Pace/Spin,145,178,8,122.75862068965517,5.517241379310345
CA Lynn,Leg-break,86,110,3,127.90697674418605,3.488372093023256
CA Lynn,Other Pace/Spin,795,1096,31,137.86163522012578,3.89937106918239
CA Lynn,Right-arm Fast,45,48,4,106.66666666666667,8.88888888888889
CA Pujara,Other Pace/Spin,391,384,17,98.20971867007673,4.3478260869565215
CH Gayle,Leg-break,57,82,3,143.859649122807,5.263157894736842
CH Gayle,Other Pace/Spin,3224,4660,117,144.5409429280397,3.6290322580645165
CH Gayle,Right-arm Fast,71,65,0,91.54929577464789,0.0
CH Gayle,Right-arm Off-break,133,118,7,88.7218045112782,5.263157894736842
CH Morris,Other Pace/Spin,348,546,23,156.89655172413794,6.609195402298851
CJ Anderson,Other Pace/Spin,378,476,17,125.92592592592592,4.497354497354497
CJ Ferguson,Other Pace/Spin,117,95,6,81.19658119658119,5.128205128205128
CJ Jordan,Other Pace/Spin,65,70,8,107.6923076923077,12.307692307692308
CL White,Other Pace/Spin,730,918,34,125.75342465753425,4.657534246575342
CM Gautam,Other Pace/Spin,147,159,9,108.16326530612245,6.122448979591836
CR Brathwaite,Other Pace/Spin,106,170,13,160.37735849056605,12.264150943396226
CR Woakes,Other Pace/Spin,66,70,4,106.06060606060606,6.0606060606060606
CV Varun,Other Pace/Spin,49,24,5,48.97959183673469,10.204081632653061
D Brevis,Other Pace/Spin,400,529,27,132.25,6.75
D Brevis,Right-arm Off-break,39,64,0,164.1025641025641,0.0
D Ferreira,Other Pace/Spin,331,513,14,154.98489425981873,4.229607250755287
D Padikkal,Left-arm Orthodox,35,44,1,125.71428571428571,2.857142857142857
D Padikkal,Leg-break,75,83,10,110.66666666666667,13.333333333333334
D Padikkal,Other Pace/Spin,1717,2404,74,140.0116482236459,4.309842748980781
D Padikkal,Right-arm Fast,45,39,2,86.66666666666667,4.444444444444445
D Padikkal,Right-arm Off-break,33,32,4,96.96969696969697,12.121212121212121
D Wiese,Other Pace/Spin,96,133,6,138.54166666666669,6.25
DA Miller,Left-arm Fast,33,44,0,133.33333333333331,0.0
DA Miller,Left-arm Orthodox,67,111,2,165.67164179104478,2.9850746268656714
DA Miller,Left-arm Wrist-spin,38,43,1,113.1578947368421,2.631578947368421
DA Miller,Leg-break,68,104,5,152.94117647058823,7.352941176470589
DA Miller,Other Pace/Spin,2178,2915,89,133.83838383838383,4.0863177226813585
DA Miller,Right-arm Fast,73,96,2,131.50684931506848,2.73972602739726
DA Miller,Right-arm Off-break,111,133,2,119.81981981981981,1.8018018018018018
DA Warner,Left-arm Fast,60,75,0,125.0,0.0
DA Warner,Left-arm Orthodox,68,116,0,170.58823529411765,0.0
DA Warner,Left-arm Wrist-spin,54,69,2,127.77777777777777,3.7037037037037033
DA Warner,Leg-break,99,156,2,157.57575757575756,2.0202020202020203
DA Warner,Other Pace/Spin,4194,5671,152,135.21697663328564,3.6242250834525516
DA Warner,Right-arm Fast,129,163,2,126.35658914728683,1.550387596899225
DA Warner,Right-arm Off-break,245,317,6,129.3877551020408,2.4489795918367347
DB Das,Other Pace/Spin,253,279,11,110.27667984189723,4.3478260869565215
DB Ravi Teja,Other Pace/Spin,319,373,18,116.92789968652038,5.6426332288401255
DH Yagnik,Other Pace/Spin,123,147,8,119.51219512195121,6.504065040650407
DJ Bravo,Other Pace/Spin,1191,1481,62,124.34928631402182,5.205709487825357
DJ Bravo,Right-arm Fast,32,40,4,125.0,12.5
DJ Harris,Other Pace/Spin,94,105,3,111.70212765957446,3.1914893617021276
DJ Hooda,Left-arm Fast,43,60,0,139.53488372093022,0.0
DJ Hooda,Left-arm Wrist-spin,33,43,3,130.3030303030303,9.090909090909092
DJ Hooda,Leg-break,74,85,8,114.86486486486487,10.81081081081081
DJ Hooda,Other Pace/Spin,945,1178,63,124.65608465608466,6.666666666666667
DJ Hooda,Right-arm Fast,32,46,2,143.75,6.25
DJ Hooda,Right-arm Off-break,64,61,5,95.3125,7.8125
DJ Hussey,Other Pace/Spin,1043,1260,45,120.80536912751678,4.314477468839885
DJ Jacobs,Other Pace/Spin,101,92,7,91.0891089108911,6.9306930693069315
DJ Mitchell,Other Pace/Spin,240,289,11,120.41666666666666,4.583333333333333
DJ Thornely,Other Pace/Spin,54,39,3,72.22222222222221,5.555555555555555
DJ Willey,Other Pace/Spin,48,46,0,95.83333333333334,0.0
DJG Sammy,Other Pace/Spin,217,275,14,126.72811059907833,6.451612903225806
DJM Short,Other Pace/Spin,70,84,4,120.0,5.714285714285714
DL Chahar,Other Pace/Spin,77,102,6,132.46753246753246,7.792207792207792
DL Vettori,Other Pace/Spin,111,112,6,100.9009009009009,5.405405405405405
DP Conway,Leg-break,34,54,2,158.8235294117647,5.88235294117647
DP Conway,Other Pace/Spin,700,938,19,134.0,2.7142857142857144
DPMD Jayawardene,Other Pace/Spin,1481,1750,62,118.16340310600945,4.186360567184335
DPMD Jayawardene,Right-arm Off-break,32,43,2,134.375,6.25
DR Sams,Other Pace/Spin,45,44,8,97.77777777777777,17.77777777777778
DR Smith,Leg-break,43,77,3,179.06976744186048,6.976744186046512
DR Smith,Other Pace/Spin,1642,2149,74,130.87697929354445,4.506699147381242
DR Smith,Right-arm Fast,44,68,1,154.54545454545453,2.272727272727273
DR Smith,Right-arm Off-break,38,50,2,131.57894736842107,5.263157894736842
DS Kulkarni,Other Pace/Spin,87,67,7,77.01149425287356,8.045977011494253
DT Christian,Other Pace/Spin,370,435,26,117.56756756756756,7.027027027027027
DW Steyn,Other Pace/Spin,151,157,20,103.97350993377484,13.245033112582782
Dhruv Jurel,Leg-break,82,96,4,117.07317073170731,4.878048780487805
Dhruv Jurel,Other Pace/Spin,848,1283,37,151.29716981132074,4.363207547169811
E Lewis,Other Pace/Spin,432,575,23,133.10185185185185,5.324074074074074
EJG Morgan,Leg-break,58,43,1,74.13793103448276,1.7241379310344827
EJG Morgan,Other Pace/Spin,1046,1273,55,121.7017208413002,5.25812619502868
EJG Morgan,Right-arm Fast,40,48,3,120.0,7.5
F du Plessis,Left-arm Fast,102,114,4,111.76470588235294,3.9215686274509802
F du Plessis,Leg-break,91,68,6,74.72527472527473,6.593406593406594
F du Plessis,Other Pace/Spin,3133,4230,119,135.01436323013087,3.798276412384296
F du Plessis,Right-arm Fast,110,183,3,166.36363636363635,2.727272727272727
F du Plessis,Right-arm Off-break,123,114,3,92.6829268292683,2.4390243902439024
FH Allen,Other Pace/Spin,114,225,15,197.36842105263156,13.157894736842104
FY Fazal,Other Pace/Spin,179,183,9,102.23463687150837,5.027932960893855
G Gambhir,Other Pace/Spin,3368,4062,129,120.60570071258907,3.8301662707838484
G Gambhir,Right-arm Fast,52,40,1,76.92307692307693,1.9230769230769231
G Gambhir,Right-arm Off-break,55,52,2,94.54545454545455,3.6363636363636362
GC Smith,Other Pace/Spin,689,737,29,106.966618287373,4.2089985486211905
GD Phillips,Other Pace/Spin,201,217,18,107.96019900497514,8.955223880597014
GF Linde,Other Pace/Spin,63,93,9,147.61904761904762,14.285714285714285
GH Vihari,Other Pace/Spin,316,280,18,88.60759493670885,5.69620253164557
GJ Bailey,Other Pace/Spin,501,611,25,121.9560878243513,4.990019960079841
GJ Maxwell,Left-arm Orthodox,51,70,6,137.2549019607843,11.76470588235294
GJ Maxwell,Leg-break,91,114,4,125.27472527472527,4.395604395604396
GJ Maxwell,Other Pace/Spin,1509,2275,87,150.76209410205433,5.7654075546719685
GJ Maxwell,Right-arm Fast,47,63,6,134.04255319148936,12.76595744680851
GJ Maxwell,Right-arm Off-break,151,208,8,137.74834437086093,5.298013245033113
Gurkeerat Singh,Other Pace/Spin,358,422,22,117.87709497206704,6.145251396648044
Gurkeerat Singh,Right-arm Off-break,34,43,3,126.47058823529412,8.823529411764707
H Klaasen,Left-arm Fast,36,45,0,125.0,0.0
H Klaasen,Left-arm Orthodox,36,39,1,108.33333333333333,2.7777777777777777
H Klaasen,Leg-break,87,117,2,134.48275862068965,2.2988505747126435
H Klaasen,Other Pace/Spin,1445,2276,51,157.50865051903114,3.5294117647058822
H Klaasen,Right-arm Fast,49,84,3,171.42857142857142,6.122448979591836
H Klaasen,Right-arm Off-break,72,130,0,180.55555555555557,0.0
HC Brook,Other Pace/Spin,135,174,8,128.88888888888889,5.9259259259259265
HH Gibbs,Other Pace/Spin,792,847,31,106.94444444444444,3.9141414141414144
HH Gibbs,Right-arm Off-break,39,33,1,84.61538461538461,2.564102564102564
HH Pandya,Left-arm Wrist-spin,40,46,0,114.99999999999999,0.0
HH Pandya,Leg-break,123,115,6,93.4959349593496,4.878048780487805
HH Pandya,Other Pace/Spin,1881,2703,105,143.70015948963317,5.582137161084529
HH Pandya,Right-arm Off-break,106,167,0,157.54716981132074,0.0
HM Amla,Other Pace/Spin,347,491,12,141.4985590778098,3.45821325648415
HR Shokeen,Other Pace/Spin,55,49,3,89.0909090909091,5.454545454545454
HV Patel,Other Pace/Spin,201,226,27,112.43781094527363,13.432835820895523
Harbhajan Singh,Other Pace/Spin,597,802,53,134.33835845896147,8.877721943048575
Harpreet Brar,Other Pace/Spin,177,218,11,123.1638418079096,6.214689265536723
Harpreet Singh,Other Pace/Spin,108,115,5,106.4814814814815,4.62962962962963
Harsh Dubey,Other Pace/Spin,33,39,6,118.18181818181819,18.181818181818183
Harshit Rana,Other Pace/Spin,56,58,7,103.57142857142858,12.5
Himmat Singh,Other Pace/Spin,60,75,6,125.0,10.0
I Sharma,Other Pace/Spin,63,45,7,71.42857142857143,11.11111111111111
IK Pathan,Other Pace/Spin,939,1099,50,117.03940362087326,5.324813631522897
IK Pathan,Right-arm Off-break,42,51,2,121.42857142857142,4.761904761904762
IR Jaggi,Other Pace/Spin,91,73,4,80.21978021978022,4.395604395604396
Imran Tahir,Other Pace/Spin,31,27,4,87.09677419354838,12.903225806451612
Iqbal Abdulla,Other Pace/Spin,74,73,1,98.64864864864865,1.3513513513513513
Ishan Kishan,Left-arm Fast,40,36,2,90.0,5.0
Ishan Kishan,Left-arm Orthodox,34,43,1,126.47058823529412,2.941176470588235
Ishan Kishan,Left-arm Wrist-spin,37,91,2,245.94594594594597,5.405405405405405
Ishan Kishan,Leg-break,105,139,6,132.38095238095238,5.714285714285714
Ishan Kishan,Other Pace/Spin,2343,3446,111,147.07639778062313,4.737516005121639
Ishan Kishan,Right-arm Fast,62,65,0,104.83870967741935,0.0
Ishan Kishan,Right-arm Off-break,105,114,3,108.57142857142857,2.857142857142857
J Botha,Other Pace/Spin,337,392,20,116.32047477744807,5.934718100890208
J Fraser-McGurk,Other Pace/Spin,179,348,13,194.41340782122904,7.262569832402235
J Overton,Other Pace/Spin,253,386,15,152.5691699604743,5.928853754940711
J Suchith,Other Pace/Spin,57,64,3,112.28070175438596,5.263157894736842
JA Morkel,Other Pace/Spin,679,929,40,136.81885125184095,5.89101620029455
JC Archer,Other Pace/Spin,189,243,20,128.57142857142858,10.582010582010582
JC Buttler,Left-arm Fast,30,32,0,106.66666666666667,0.0
JC Buttler,Left-arm Orthodox,58,73,2,125.86206896551724,3.4482758620689653
JC Buttler,Left-arm Wrist-spin,68,89,5,130.88235294117646,7.352941176470589
JC Buttler,Leg-break,113,71,8,62.83185840707964,7.079646017699115
JC Buttler,Other Pace/Spin,2918,4476,106,153.39273474982863,3.6326250856751203
JC Buttler,Right-arm Fast,163,170,7,104.29447852760735,4.294478527607362
JC Buttler,Right-arm Off-break,109,137,2,125.68807339449542,1.834862385321101
JD Ryder,Other Pace/Spin,443,583,27,131.60270880361173,6.094808126410835
JD Unadkat,Other Pace/Spin,152,187,12,123.0263157894737,7.894736842105263
JDP Oram,Other Pace/Spin,109,105,8,96.3302752293578,7.339449541284404
JDS Neesham,Other Pace/Spin,62,59,6,95.16129032258065,9.67741935483871
JEC Franklin,Other Pace/Spin,296,317,11,107.09459459459461,3.7162162162162162
JG Bethell,Other Pace/Spin,113,178,11,157.52212389380531,9.734513274336283
JH Kallis,Other Pace/Spin,2207,2351,85,106.52469415496148,3.8513819664703215
JH Kallis,Right-arm Off-break,40,36,2,90.0,5.0
JJ Bumrah,Other Pace/Spin,98,87,10,88.77551020408163,10.204081632653061
JJ Roy,Other Pace/Spin,384,514,14,133.85416666666669,3.6458333333333335
JM Bairstow,Left-arm Fast,35,65,1,185.71428571428572,2.857142857142857
JM Bairstow,Left-arm Orthodox,31,36,1,116.12903225806453,3.225806451612903
JM Bairstow,Leg-break,41,32,4,78.04878048780488,9.75609756097561
JM Bairstow,Other Pace/Spin,987,1451,42,147.01114488348531,4.25531914893617
JM Bairstow,Right-arm Fast,37,34,1,91.8918918918919,2.7027027027027026
JM Bairstow,Right-arm Off-break,46,52,1,113.04347826086956,2.1739130434782608
JM Sharma,Left-arm Wrist-spin,37,37,2,100.0,5.405405405405405
JM Sharma,Leg-break,73,96,7,131.50684931506848,9.58904109589041
JM Sharma,Other Pace/Spin,627,916,48,146.09250398724083,7.655502392344498
JM Sharma,Right-arm Fast,34,44,0,129.41176470588235,0.0
JO Holder,Other Pace/Spin,242,333,23,137.60330578512395,9.50413223140496
JP Duminy,Leg-break,39,49,1,125.64102564102564,2.564102564102564
JP Duminy,Other Pace/Spin,1525,1801,46,118.09836065573771,3.016393442622951
JP Duminy,Right-arm Fast,33,70,1,212.12121212121212,3.0303030303030303
JP Duminy,Right-arm Off-break,70,91,1,130.0,1.4285714285714286
JP Faulkner,Other Pace/Spin,367,486,25,132.42506811989102,6.811989100817439
JP Inglis,Other Pace/Spin,148,224,10,151.35135135135135,6.756756756756757
JR Hazlewood,Other Pace/Spin,33,19,3,57.57575757575758,9.090909090909092
JR Hopes,Other Pace/Spin,312,414,17,132.69230769230768,5.448717948717949
JR Philippe,Other Pace/Spin,55,57,2,103.63636363636364,3.6363636363636362
Joginder Sharma,Other Pace/Spin,30,36,4,120.0,13.333333333333334
K Goel,Other Pace/Spin,239,218,14,91.21338912133892,5.857740585774058
K Gowtham,Other Pace/Spin,124,191,17,154.03225806451613,13.709677419354838
K Rabada,Other Pace/Spin,269,286,18,106.31970260223049,6.691449814126393
K Rabada,Right-arm Fast,32,22,2,68.75,6.25
KA Jamieson,Other Pace/Spin,81,85,5,104.93827160493827,6.172839506172839
KA Pollard,Left-arm Orthodox,53,114,2,215.0943396226415,3.7735849056603774
KA Pollard,Leg-break,99,99,6,100.0,6.0606060606060606
KA Pollard,Other Pace/Spin,2157,3054,113,141.5855354659249,5.238757533611498
KA Pollard,Right-arm Fast,30,45,1,150.0,3.3333333333333335
KA Pollard,Right-arm Off-break,79,94,5,118.9873417721519,6.329113924050633
KB Arun Karthik,Other Pace/Spin,52,50,5,96.15384615384616,9.615384615384617
KC Sangakkara,Other Pace/Spin,1388,1656,66,119.30835734870317,4.755043227665706
KD Karthik,Left-arm Orthodox,71,105,3,147.88732394366198,4.225352112676056
KD Karthik,Leg-break,93,98,6,105.3763440860215,6.451612903225806
KD Karthik,Other Pace/Spin,3315,4355,172,131.37254901960785,5.188536953242836
KD Karthik,Right-arm Fast,72,121,3,168.05555555555557,4.166666666666666
KD Karthik,Right-arm Off-break,101,127,3,125.74257425742574,2.9702970297029703
KH Pandya,Left-arm Wrist-spin,42,40,1,95.23809523809523,2.380952380952381
KH Pandya,Leg-break,77,84,5,109.09090909090908,6.493506493506493
KH Pandya,Other Pace/Spin,1255,1652,75,131.63346613545818,5.9760956175298805
KH Pandya,Right-arm Off-break,57,50,4,87.71929824561403,7.017543859649122
KK Cooper,Other Pace/Spin,68,116,8,170.58823529411765,11.76470588235294
KK Nair,Leg-break,57,66,2,115.78947368421053,3.508771929824561
KK Nair,Other Pace/Spin,1152,1494,68,129.6875,5.902777777777778
KK Nair,Right-arm Fast,39,59,2,151.28205128205127,5.128205128205128
KK Nair,Right-arm Off-break,46,40,2,86.95652173913044,4.3478260869565215
KL Nagarkoti,Other Pace/Spin,32,21,4,65.625,12.5
KL Rahul,Left-arm Fast,73,108,3,147.94520547945206,4.10958904109589
KL Rahul,Left-arm Orthodox,56,70,0,125.0,0.0
KL Rahul,Leg-break,217,271,5,124.88479262672811,2.3041474654377883
KL Rahul,Other Pace/Spin,3886,5457,119,140.42717447246525,3.0622748327328875
KL Rahul,Right-arm Fast,167,193,8,115.56886227544909,4.790419161676647
KL Rahul,Right-arm Off-break,143,176,2,123.07692307692308,1.3986013986013985
KM Jadhav,Other Pace/Spin,874,1046,50,119.67963386727689,5.720823798627003
KM Jadhav,Right-arm Fast,46,44,2,95.65217391304348,4.3478260869565215
KM Jadhav,Right-arm Off-break,48,59,0,122.91666666666667,0.0
KP Pietersen,Other Pace/Spin,717,942,28,131.3807531380753,3.905160390516039
KR Mayers,Other Pace/Spin,219,296,11,135.15981735159818,5.0228310502283104
KS Bharat,Other Pace/Spin,151,180,5,119.20529801324504,3.3112582781456954
KS Williamson,Left-arm Orthodox,52,61,0,117.3076923076923,0.0
KS Williamson,Left-arm Wrist-spin,32,39,2,121.875,6.25
KS Williamson,Leg-break,63,60,1,95.23809523809523,1.5873015873015872
KS Williamson,Other Pace/Spin,1442,1799,51,124.75728155339804,3.536754507628294
KS Williamson,Right-arm Fast,54,68,4,125.92592592592592,7.4074074074074066
KS Williamson,Right-arm Off-break,71,81,0,114.08450704225352,0.0
KV Sharma,Other Pace/Spin,283,319,24,112.72084805653711,8.480565371024735
Kamran Akmal,Other Pace/Spin,78,128,4,164.1025641025641,5.128205128205128
Kartik Sharma,Other Pace/Spin,132,171,12,129.54545454545453,9.090909090909092
Kartik Tyagi,Other Pace/Spin,42,46,9,109.52380952380953,21.428571428571427
Krish Bhagat,Other Pace/Spin,45,21,3,46.666666666666664,6.666666666666667
Kuldeep Yadav,Other Pace/Spin,289,213,18,73.70242214532871,6.228373702422145
Kumar Kushagra,Other Pace/Spin,46,54,6,117.3913043478261,13.043478260869565
L Balaji,Other Pace/Spin,48,36,6,75.0,12.5
L Ronchi,Other Pace/Spin,37,34,3,91.8918918918919,8.108108108108109
LA Carseldine,Other Pace/Spin,71,81,3,114.08450704225352,4.225352112676056
LA Pomersbach,Other Pace/Spin,242,295,11,121.900826446281,4.545454545454546
LH Ferguson,Other Pace/Spin,42,58,4,138.0952380952381,9.523809523809524
LJ Wright,Other Pace/Spin,63,106,4,168.25396825396825,6.349206349206349
LMP Simmons,Left-arm Orthodox,44,61,2,138.63636363636365,4.545454545454546
LMP Simmons,Other Pace/Spin,744,914,21,122.84946236559139,2.82258064516129
LMP Simmons,Right-arm Off-break,52,59,2,113.46153846153845,3.8461538461538463
LR Shukla,Other Pace/Spin,331,379,26,114.50151057401811,7.854984894259818
LRPL Taylor,Other Pace/Spin,815,989,40,121.34969325153375,4.9079754601226995
LS Livingstone,Leg-break,59,83,4,140.67796610169492,6.779661016949152
LS Livingstone,Other Pace/Spin,617,910,39,147.4878444084279,6.3209076175040515
LS Livingstone,Right-arm Fast,47,50,1,106.38297872340425,2.127659574468085
Lalit Yadav,Other Pace/Spin,219,201,11,91.78082191780823,5.0228310502283104
M Ashwin,Other Pace/Spin,41,32,8,78.04878048780488,19.51219512195122
M Jansen,Other Pace/Spin,165,163,14,98.7878787878788,8.484848484848486
M Kaif,Other Pace/Spin,254,257,16,101.18110236220473,6.299212598425196
M Kartik,Other Pace/Spin,103,106,7,102.9126213592233,6.796116504854369
M Klinger,Other Pace/Spin,78,73,4,93.58974358974359,5.128205128205128
M Manhas,Other Pace/Spin,461,475,23,103.03687635574836,4.989154013015185
M Markande,Other Pace/Spin,36,43,2,119.44444444444444,5.555555555555555
M Morkel,Other Pace/Spin,88,124,9,140.9090909090909,10.227272727272728
M Muralitharan,Other Pace/Spin,30,20,6,66.66666666666666,20.0
M Rawat,Other Pace/Spin,63,53,5,84.12698412698413,7.936507936507936
M Shahrukh Khan,Other Pace/Spin,517,727,36,140.61895551257254,6.963249516441006
M Vijay,Other Pace/Spin,2080,2498,89,120.09615384615384,4.278846153846154
M Vijay,Right-arm Off-break,56,45,4,80.35714285714286,7.142857142857142
M Vohra,Other Pace/Spin,749,940,42,125.50066755674231,5.607476635514018
M Vohra,Right-arm Off-break,41,37,1,90.2439024390244,2.4390243902439024
MA Agarwal,Left-arm Fast,35,58,0,165.71428571428572,0.0
MA Agarwal,Leg-break,73,95,8,130.13698630136986,10.95890410958904
MA Agarwal,Other Pace/Spin,1904,2446,101,128.46638655462186,5.304621848739496
MA Agarwal,Right-arm Fast,30,21,3,70.0,10.0
MA Agarwal,Right-arm Off-break,76,111,5,146.05263157894737,6.578947368421052
MA Starc,Other Pace/Spin,116,109,9,93.96551724137932,7.758620689655173
MC Henriques,Leg-break,31,41,1,132.25806451612902,3.225806451612903
MC Henriques,Other Pace/Spin,723,906,32,125.31120331950207,4.426002766251729
MC Juneja,Other Pace/Spin,133,124,7,93.23308270676691,5.263157894736842
MD Choudhary,Other Pace/Spin,300,435,12,145.0,4.0
MD Mishra,Other Pace/Spin,194,222,14,114.43298969072164,7.216494845360824
MEK Hussey,Other Pace/Spin,1567,1894,46,120.86790044671348,2.935545628589662
MEK Hussey,Right-arm Off-break,51,48,4,94.11764705882352,7.8431372549019605
MF Maharoof,Other Pace/Spin,124,177,10,142.74193548387098,8.064516129032258
MG Bracewell,Other Pace/Spin,33,46,1,139.3939393939394,3.0303030303030303
MG Johnson,Other Pace/Spin,146,142,11,97.26027397260275,7.534246575342466
MJ Clarke,Other Pace/Spin,93,95,6,102.15053763440861,6.451612903225806
MJ Guptill,Other Pace/Spin,165,226,10,136.96969696969697,6.0606060606060606
MJ Henry,Other Pace/Spin,30,21,6,70.0,20.0
MJ Lumb,Other Pace/Spin,198,278,10,140.4040404040404,5.05050505050505
MJ McClenaghan,Other Pace/Spin,60,56,10,93.33333333333333,16.666666666666664
MJ Santner,Other Pace/Spin,154,177,7,114.93506493506493,4.545454545454546
MK Lomror,Leg-break,42,52,3,123.80952380952381,7.142857142857142
MK Lomror,Other Pace/Spin,283,384,24,135.68904593639576,8.480565371024735
MK Lomror,Right-arm Off-break,30,43,2,143.33333333333334,6.666666666666667
MK Pandey,Left-arm Orthodox,54,45,2,83.33333333333334,3.7037037037037033
MK Pandey,Leg-break,79,65,4,82.27848101265823,5.063291139240507
MK Pandey,Other Pace/Spin,3009,3591,121,119.3419740777667,4.021269524759056
MK Pandey,Right-arm Fast,89,116,4,130.3370786516854,4.49438202247191
MK Pandey,Right-arm Off-break,90,93,2,103.33333333333334,2.2222222222222223
MK Tiwary,Left-arm Orthodox,31,32,3,103.2258064516129,9.67741935483871
MK Tiwary,Other Pace/Spin,1373,1551,55,112.96431172614712,4.005826656955572
MK Tiwary,Right-arm Fast,36,43,1,119.44444444444444,2.7777777777777777
MK Tiwary,Right-arm Off-break,30,37,1,123.33333333333334,3.3333333333333335
ML Hayden,Other Pace/Spin,829,1098,28,132.4487334137515,3.3775633293124248
MM Ali,Leg-break,72,98,4,136.11111111111111,5.555555555555555
MM Ali,Other Pace/Spin,658,858,39,130.3951367781155,5.927051671732523
MM Ali,Right-arm Fast,36,45,1,125.0,2.7777777777777777
MM Ali,Right-arm Off-break,58,75,4,129.31034482758622,6.896551724137931
MM Patel,Other Pace/Spin,41,39,5,95.1219512195122,12.195121951219512
MM Sharma,Other Pace/Spin,124,110,16,88.70967741935483,12.903225806451612
MN Samuels,Other Pace/Spin,163,158,11,96.93251533742331,6.748466257668712
MN van Wyk,Other Pace/Spin,135,167,3,123.7037037037037,2.2222222222222223
MP Stoinis,Left-arm Orthodox,33,42,2,127.27272727272727,6.0606060606060606
MP Stoinis,Leg-break,46,48,2,104.34782608695652,4.3478260869565215
MP Stoinis,Other Pace/Spin,1364,2068,67,151.61290322580646,4.912023460410557
MP Stoinis,Right-arm Fast,86,107,4,124.4186046511628,4.651162790697675
MP Stoinis,Right-arm Off-break,53,49,2,92.45283018867924,3.7735849056603774
MR Marsh,Left-arm Fast,31,47,1,151.61290322580646,3.225806451612903
MR Marsh,Left-arm Orthodox,44,46,2,104.54545454545455,4.545454545454546
MR Marsh,Leg-break,36,68,4,188.88888888888889,11.11111111111111
MR Marsh,Other Pace/Spin,1243,1656,60,133.22606596942882,4.827031375703942
MR Marsh,Right-arm Off-break,30,45,0,150.0,0.0
MS Bisla,Other Pace/Spin,697,736,36,105.59540889526542,5.164992826398852
MS Dhoni,Left-arm Fast,45,82,3,182.22222222222223,6.666666666666667
MS Dhoni,Left-arm Wrist-spin,33,50,2,151.5151515151515,6.0606060606060606
MS Dhoni,Leg-break,129,149,6,115.50387596899225,4.651162790697675
MS Dhoni,Other Pace/Spin,3670,4956,136,135.0408719346049,3.7057220708446867
MS Dhoni,Right-arm Fast,89,99,6,111.23595505617978,6.741573033707865
MS Dhoni,Right-arm Off-break,109,73,3,66.97247706422019,2.7522935779816518
MS Gony,Other Pace/Spin,65,79,8,121.53846153846153,12.307692307692308
MS Wade,Other Pace/Spin,155,151,12,97.41935483870968,7.741935483870968
MV Boucher,Other Pace/Spin,308,381,14,123.70129870129871,4.545454545454546
MW Short,Other Pace/Spin,203,206,11,101.47783251231527,5.41871921182266
Mandeep Singh,Left-arm Orthodox,40,43,3,107.5,7.5
Mandeep Singh,Other Pace/Spin,1270,1537,74,121.02362204724409,5.826771653543307
Mandeep Singh,Right-arm Off-break,70,82,5,117.14285714285715,7.142857142857142
Misbah-ul-Haq,Other Pace/Spin,82,117,9,142.6829268292683,10.975609756097562
Mohammad Hafeez,Other Pace/Spin,84,64,8,76.19047619047619,9.523809523809524
Mohammad Nabi,Other Pace/Spin,124,186,13,150.0,10.483870967741936
Mohammed Shami,Other Pace/Spin,140,167,20,119.28571428571428,14.285714285714285
Mohammed Siraj,Other Pace/Spin,133,112,13,84.21052631578947,9.774436090225564
Mohsin Khan,Other Pace/Spin,38,24,8,63.1578947368421,21.052631578947366
N Jagadeesan,Other Pace/Spin,120,125,7,104.16666666666667,5.833333333333333
N Pooran,Left-arm Orthodox,49,64,4,130.6122448979592,8.16326530612245
N Pooran,Left-arm Wrist-spin,44,62,1,140.9090909090909,2.272727272727273
N Pooran,Leg-break,129,158,4,122.48062015503875,3.10077519379845
N Pooran,Other Pace/Spin,1406,2131,73,151.5647226173542,5.19203413940256
N Pooran,Right-arm Fast,35,32,4,91.42857142857143,11.428571428571429
N Pooran,Right-arm Off-break,84,73,7,86.90476190476191,8.333333333333332
N Rana,Left-arm Fast,35,55,1,157.14285714285714,2.857142857142857
N Rana,Left-arm Orthodox,45,61,1,135.55555555555557,2.2222222222222223
N Rana,Leg-break,199,236,11,118.5929648241206,5.527638190954774
N Rana,Other Pace/Spin,2029,2736,102,134.84475110892063,5.027106949236077
N Rana,Right-arm Fast,95,76,6,80.0,6.315789473684211
N Rana,Right-arm Off-break,78,144,1,184.6153846153846,1.282051282051282
N Saini,Other Pace/Spin,142,139,11,97.88732394366197,7.746478873239436
N Wadhera,Other Pace/Spin,587,791,36,134.75298126064737,6.132879045996593
NK Patel,Other Pace/Spin,124,121,5,97.58064516129032,4.032258064516129
NLTC Perera,Other Pace/Spin,286,366,23,127.97202797202797,8.041958041958042
NM Coulter-Nile,Other Pace/Spin,66,68,9,103.03030303030303,13.636363636363635
NS Naik,Other Pace/Spin,47,29,2,61.702127659574465,4.25531914893617
NV Ojha,Other Pace/Spin,1256,1479,66,117.7547770700637,5.254777070063694
NV Ojha,Right-arm Off-break,71,47,4,66.19718309859155,5.633802816901409
Naman Dhir,Leg-break,42,69,0,164.28571428571428,0.0
Naman Dhir,Other Pace/Spin,533,816,34,153.0956848030019,6.378986866791744
Navdeep Saini,Other Pace/Spin,33,29,4,87.87878787878788,12.121212121212121
Nithish Kumar Reddy,Leg-break,31,51,0,164.51612903225808,0.0
Nithish Kumar Reddy,Other Pace/Spin,623,911,33,146.22792937399677,5.296950240770466
Noor Ahmad,Other Pace/Spin,81,46,13,56.79012345679012,16.049382716049383
OA Shah,Other Pace/Spin,366,467,12,127.59562841530054,3.278688524590164
OF Smith,Other Pace/Spin,45,50,3,111.11111111111111,6.666666666666667
P Dogra,Other Pace/Spin,140,127,11,90.71428571428571,7.857142857142857
P Kumar,Other Pace/Spin,319,339,33,106.26959247648904,10.344827586206897
P Negi,Other Pace/Spin,266,315,22,118.42105263157893,8.270676691729323
P Nissanka,Other Pace/Spin,264,402,21,152.27272727272728,7.954545454545454
P Simran Singh,Left-arm Fast,31,31,3,100.0,9.67741935483871
P Simran Singh,Left-arm Orthodox,40,48,2,120.0,5.0
P Simran Singh,Leg-break,44,24,4,54.54545454545454,9.090909090909092
P Simran Singh,Other Pace/Spin,1302,2148,52,164.97695852534562,3.9938556067588324
P Simran Singh,Right-arm Fast,43,55,5,127.90697674418605,11.627906976744185
PA Patel,Left-arm Orthodox,45,56,2,124.44444444444444,4.444444444444445
PA Patel,Other Pace/Spin,2243,2643,116,117.83325902808738,5.171645118145341
PA Patel,Right-arm Fast,54,64,3,118.5185185185185,5.555555555555555
PA Patel,Right-arm Off-break,75,58,5,77.33333333333333,6.666666666666667
PA Reddy,Other Pace/Spin,167,164,10,98.20359281437125,5.9880239520958085
PBB Rajapaksa,Other Pace/Spin,150,213,11,142.0,7.333333333333333
PC Valthaty,Other Pace/Spin,419,486,22,115.99045346062053,5.250596658711217
PD Collingwood,Other Pace/Spin,159,203,4,127.67295597484276,2.515723270440252
PD Salt,Left-arm Fast,33,49,1,148.4848484848485,3.0303030303030303
PD Salt,Left-arm Wrist-spin,35,64,3,182.85714285714286,8.571428571428571
PD Salt,Other Pace/Spin,883,1499,45,169.762174405436,5.096262740656852
PD Salt,Right-arm Fast,34,33,1,97.05882352941177,2.941176470588235
PHKD Mendis,Other Pace/Spin,64,82,3,128.125,4.6875
PJ Cummins,Other Pace/Spin,330,512,26,155.15151515151516,7.878787878787878
PJ Cummins,Right-arm Fast,36,54,1,150.0,2.7777777777777777
PJ Sangwan,Other Pace/Spin,43,26,8,60.46511627906976,18.6046511627907
PK Garg,Other Pace/Spin,193,225,16,116.580310880829,8.290155440414509
PN Mankad,Other Pace/Spin,75,97,3,129.33333333333331,4.0
PP Chawla,Other Pace/Spin,535,594,55,111.02803738317758,10.2803738317757
PP Ojha,Other Pace/Spin,45,16,10,35.55555555555556,22.22222222222222
PP Shaw,Left-arm Orthodox,33,57,2,172.72727272727272,6.0606060606060606
PP Shaw,Leg-break,36,63,3,175.0,8.333333333333332
PP Shaw,Other Pace/Spin,1116,1605,62,143.81720430107526,5.555555555555555
PP Shaw,Right-arm Fast,57,62,4,108.77192982456141,7.017543859649122
PP Shaw,Right-arm Off-break,40,52,2,130.0,5.0
PR Shah,Other Pace/Spin,97,92,8,94.84536082474226,8.24742268041237
PR Veer,Other Pace/Spin,108,147,3,136.11111111111111,2.7777777777777777
PV Tambe,Other Pace/Spin,38,17,1,44.73684210526316,2.631578947368421
PVD Chameera,Other Pace/Spin,39,35,2,89.74358974358975,5.128205128205128
PWH de Silva,Other Pace/Spin,76,57,14,75.0,18.421052631578945
Priyansh Arya,Other Pace/Spin,569,1244,38,218.6291739894552,6.6783831282952555
Priyansh Arya,Right-arm Fast,51,61,0,119.6078431372549,0.0
Q de Kock,Left-arm Fast,30,42,3,140.0,10.0
Q de Kock,Left-arm Orthodox,30,42,0,140.0,0.0
Q de Kock,Leg-break,127,179,8,140.94488188976376,6.299212598425196
Q de Kock,Other Pace/Spin,2406,3225,90,134.03990024937656,3.7406483790523692
Q de Kock,Right-arm Fast,55,66,5,120.0,9.090909090909092
Q de Kock,Right-arm Off-break,126,134,6,106.34920634920636,4.761904761904762
R Ashwin,Other Pace/Spin,642,743,53,115.73208722741433,8.255451713395638
R Bhatia,Other Pace/Spin,250,306,27,122.39999999999999,10.8
R Dhawan,Other Pace/Spin,166,192,10,115.66265060240963,6.024096385542169
R Dravid,Other Pace/Spin,1875,2112,77,112.64,4.1066666666666665
R Dravid,Right-arm Off-break,30,35,0,116.66666666666667,0.0
R McLaren,Other Pace/Spin,176,159,7,90.3409090909091,3.977272727272727
R Parag,Leg-break,80,98,5,122.50000000000001,6.25
R Parag,Other Pace/Spin,1198,1630,72,136.0601001669449,6.010016694490818
R Parag,Right-arm Fast,70,68,5,97.14285714285714,7.142857142857142
R Parag,Right-arm Off-break,40,44,1,110.00000000000001,2.5
R Powell,Other Pace/Spin,476,648,22,136.1344537815126,4.621848739495799
R Rampaul,Other Pace/Spin,51,51,4,100.0,7.8431372549019605
R Ravindra,Other Pace/Spin,263,378,14,143.72623574144487,5.323193916349809
R Sathish,Other Pace/Spin,234,268,16,114.52991452991452,6.837606837606838
R Sharma,Other Pace/Spin,72,57,11,79.16666666666666,15.277777777777779
R Shepherd,Leg-break,30,49,1,163.33333333333334,3.3333333333333335
R Shepherd,Other Pace/Spin,154,280,10,181.8181818181818,6.493506493506493
R Tewatia,Other Pace/Spin,946,1232,49,130.2325581395349,5.179704016913319
R Tewatia,Right-arm Fast,30,35,3,116.66666666666667,10.0
R Tewatia,Right-arm Off-break,36,37,2,102.77777777777777,5.555555555555555
R Vinay Kumar,Other Pace/Spin,280,301,26,107.5,9.285714285714286
RA Jadeja,Left-arm Fast,34,51,2,150.0,5.88235294117647
RA Jadeja,Leg-break,66,54,3,81.81818181818183,4.545454545454546
RA Jadeja,Other Pace/Spin,2682,3373,116,125.76435495898583,4.325130499627144
RA Jadeja,Right-arm Fast,79,96,3,121.51898734177216,3.79746835443038
RA Jadeja,Right-arm Off-break,63,63,4,100.0,6.349206349206349
RA Tripathi,Leg-break,70,78,3,111.42857142857143,4.285714285714286
RA Tripathi,Other Pace/Spin,1398,1895,67,135.55078683834049,4.792560801144492
RA Tripathi,Right-arm Fast,58,80,5,137.93103448275863,8.620689655172415
RA Tripathi,Right-arm Off-break,110,145,3,131.8181818181818,2.727272727272727
RD Chahar,Other Pace/Spin,122,121,16,99.18032786885246,13.114754098360656
RD Gaikwad,Left-arm Fast,32,34,3,106.25,9.375
RD Gaikwad,Leg-break,137,190,7,138.68613138686132,5.109489051094891
RD Gaikwad,Other Pace/Spin,1988,2612,71,131.38832997987927,3.571428571428571
RD Gaikwad,Right-arm Fast,100,86,0,86.0,0.0
RD Gaikwad,Right-arm Off-break,65,83,1,127.69230769230768,1.5384615384615385
RD Rickelton,Other Pace/Spin,652,1070,25,164.11042944785277,3.834355828220859
RD Rickelton,Right-arm Off-break,45,88,0,195.55555555555554,0.0
RE Levi,Other Pace/Spin,60,59,6,98.33333333333333,10.0
RE van der Merwe,Other Pace/Spin,132,150,11,113.63636363636364,8.333333333333332
RG Sharma,Left-arm Orthodox,93,97,3,104.3010752688172,3.225806451612903
RG Sharma,Left-arm Wrist-spin,55,74,1,134.54545454545453,1.8181818181818181
RG Sharma,Leg-break,83,95,5,114.45783132530121,6.024096385542169
RG Sharma,Other Pace/Spin,5133,6818,229,132.8268069355153,4.461328657705046
RG Sharma,Right-arm Fast,70,84,4,120.0,5.714285714285714
RG Sharma,Right-arm Off-break,274,268,13,97.8102189781022,4.744525547445255
RJ Harris,Other Pace/Spin,110,116,12,105.45454545454544,10.909090909090908
RJ Peterson,Other Pace/Spin,32,32,3,100.0,9.375
RJ Quiney,Other Pace/Spin,105,103,7,98.09523809523809,6.666666666666667
RK Singh,Left-arm Orthodox,51,60,1,117.64705882352942,1.9607843137254901
RK Singh,Leg-break,37,38,2,102.7027027027027,5.405405405405405
RK Singh,Other Pace/Spin,1065,1477,45,138.6854460093897,4.225352112676056
RK Singh,Right-arm Fast,88,118,3,134.0909090909091,3.4090909090909087
RM Patidar,Left-arm Fast,31,50,2,161.29032258064515,6.451612903225806
RM Patidar,Left-arm Orthodox,30,46,0,153.33333333333334,0.0
RM Patidar,Leg-break,53,84,2,158.49056603773585,3.7735849056603774
RM Patidar,Other Pace/Spin,975,1583,50,162.35897435897436,5.128205128205128
RM Patidar,Right-arm Fast,31,52,0,167.74193548387098,0.0
RM Patidar,Right-arm Off-break,42,51,2,121.42857142857142,4.761904761904762
RN ten Doeschate,Other Pace/Spin,238,326,17,136.9747899159664,7.142857142857142
RP Singh,Other Pace/Spin,75,50,14,66.66666666666666,18.666666666666668
RR Pant,Left-arm Orthodox,59,84,2,142.3728813559322,3.389830508474576
RR Pant,Leg-break,192,272,6,141.66666666666669,3.125
RR Pant,Other Pace/Spin,2479,3523,103,142.11375554659136,4.154901169826543
RR Pant,Right-arm Fast,68,78,8,114.70588235294117,11.76470588235294
RR Pant,Right-arm Off-break,126,143,3,113.4920634920635,2.380952380952381
RR Powar,Other Pace/Spin,62,64,3,103.2258064516129,4.838709677419355
RR Rossouw,Other Pace/Spin,279,437,16,156.63082437275986,5.734767025089606
RR Sarwan,Other Pace/Spin,78,73,3,93.58974358974359,3.8461538461538463
RS Bopara,Other Pace/Spin,459,515,19,112.2004357298475,4.139433551198257
RT Ponting,Other Pace/Spin,129,91,8,70.54263565891473,6.2015503875969
RV Gomez,Other Pace/Spin,53,50,7,94.33962264150944,13.20754716981132
RV Patel,Other Pace/Spin,60,58,4,96.66666666666667,6.666666666666667
RV Uthappa,Left-arm Orthodox,58,65,3,112.06896551724137,5.172413793103448
RV Uthappa,Leg-break,82,108,5,131.70731707317074,6.097560975609756
RV Uthappa,Other Pace/Spin,3574,4523,162,126.55288192501399,4.532736429770566
RV Uthappa,Right-arm Fast,85,106,5,124.70588235294117,5.88235294117647
RV Uthappa,Right-arm Off-break,115,141,8,122.60869565217392,6.956521739130435
Rahmanullah Gurbaz,Other Pace/Spin,256,311,15,121.484375,5.859375
Ramandeep Singh,Other Pace/Spin,313,426,24,136.10223642172522,7.667731629392971
Rashid Khan,Other Pace/Spin,456,662,46,145.17543859649123,10.087719298245613
Rasikh Salam,Other Pace/Spin,35,31,5,88.57142857142857,14.285714285714285
Ravi Bishnoi,Other Pace/Spin,71,38,14,53.52112676056338,19.718309859154928
S Anirudha,Other Pace/Spin,118,134,8,113.55932203389831,6.779661016949152
S Aravind,Other Pace/Spin,57,58,3,101.75438596491229,5.263157894736842
S Arora,Other Pace/Spin,144,234,15,162.5,10.416666666666668
S Badrinath,Other Pace/Spin,1239,1435,48,115.81920903954803,3.87409200968523
S Chanderpaul,Other Pace/Spin,33,25,3,75.75757575757575,9.090909090909092
S Dhawan,Left-arm Fast,80,86,1,107.5,1.25
S Dhawan,Left-arm Orthodox,83,119,1,143.3734939759036,1.2048192771084338
S Dhawan,Left-arm Wrist-spin,39,34,2,87.17948717948718,5.128205128205128
S Dhawan,Leg-break,136,159,7,116.91176470588236,5.147058823529411
S Dhawan,Other Pace/Spin,4784,5970,175,124.79096989966555,3.658026755852843
S Dhawan,Right-arm Fast,166,218,2,131.32530120481925,1.2048192771084338
S Dhawan,Right-arm Off-break,195,183,6,93.84615384615384,3.076923076923077
S Dube,Leg-break,63,90,1,142.85714285714286,1.5873015873015872
S Dube,Other Pace/Spin,1480,2017,65,136.28378378378378,4.391891891891892
S Dube,Right-arm Fast,51,47,4,92.15686274509804,7.8431372549019605
S Dube,Right-arm Off-break,79,88,2,111.39240506329114,2.5316455696202533
S Gopal,Other Pace/Spin,141,146,9,103.54609929078013,6.382978723404255
S Kaul,Other Pace/Spin,34,19,3,55.88235294117647,8.823529411764707
S Nadeem,Other Pace/Spin,56,24,12,42.857142857142854,21.428571428571427
S Rana,Other Pace/Spin,77,84,5,109.09090909090908,6.493506493506493
S Sohal,Other Pace/Spin,302,359,18,118.87417218543047,5.960264900662252
S Sreesanth,Other Pace/Spin,57,34,3,59.64912280701754,5.263157894736842
S Sriram,Other Pace/Spin,38,31,2,81.57894736842105,5.263157894736842
S Vidyut,Other Pace/Spin,115,145,8,126.08695652173914,6.956521739130435
SA Asnodkar,Other Pace/Spin,352,423,19,120.17045454545455,5.3977272727272725
SA Yadav,Left-arm Orthodox,74,71,3,95.94594594594594,4.054054054054054
SA Yadav,Left-arm Wrist-spin,63,90,1,142.85714285714286,1.5873015873015872
SA Yadav,Leg-break,166,224,4,134.93975903614458,2.4096385542168677
SA Yadav,Other Pace/Spin,2799,4094,136,146.26652375848516,4.858878170775277
SA Yadav,Right-arm Fast,33,67,2,203.03030303030303,6.0606060606060606
SA Yadav,Right-arm Off-break,166,219,0,131.9277108433735,0.0
SB Bangar,Other Pace/Spin,58,49,6,84.48275862068965,10.344827586206897
SB Dubey,Other Pace/Spin,147,279,6,189.79591836734696,4.081632653061225
SB Jakati,Other Pace/Spin,30,28,2,93.33333333333333,6.666666666666667
SB Styris,Other Pace/Spin,134,131,7,97.76119402985076,5.223880597014925
SC Ganguly,Other Pace/Spin,1290,1326,54,102.7906976744186,4.186046511627907
SC Ganguly,Right-arm Off-break,31,20,0,64.51612903225806,0.0
SD Chitnis,Other Pace/Spin,92,99,7,107.6086956521739,7.608695652173914
SD Hope,Other Pace/Spin,121,181,7,149.5867768595041,5.785123966942149
SE Marsh,Other Pace/Spin,1829,2419,64,132.25806451612902,3.499179879715691
SE Marsh,Right-arm Off-break,47,35,1,74.46808510638297,2.127659574468085
SE Rutherford,Other Pace/Spin,431,648,27,150.3480278422274,6.2645011600928076
SK Raina,Left-arm Wrist-spin,44,51,2,115.90909090909092,4.545454545454546
SK Raina,Leg-break,110,146,7,132.72727272727275,6.363636363636363
SK Raina,Other Pace/Spin,3797,5061,150,133.2894390308138,3.950487226757967
SK Raina,Right-arm Fast,63,84,3,133.33333333333331,4.761904761904762
SK Raina,Right-arm Off-break,143,172,4,120.27972027972027,2.797202797202797
SK Rasheed,Other Pace/Spin,66,71,4,107.57575757575756,6.0606060606060606
SK Trivedi,Other Pace/Spin,61,42,8,68.85245901639344,13.114754098360656
SK Warne,Other Pace/Spin,219,198,19,90.41095890410958,8.67579908675799
SL Malinga,Other Pace/Spin,98,80,11,81.63265306122449,11.224489795918368
SM Curran,Leg-break,45,76,1,168.88888888888889,2.2222222222222223
SM Curran,Other Pace/Spin,610,784,34,128.52459016393442,5.573770491803279
SM Curran,Right-arm Off-break,37,54,1,145.94594594594594,2.7027027027027026
SM Katich,Other Pace/Spin,188,241,10,128.19148936170214,5.319148936170213
SM Pollock,Other Pace/Spin,116,147,8,126.72413793103448,6.896551724137931
SN Khan,Other Pace/Spin,650,963,37,148.15384615384616,5.6923076923076925
SN Khan,Right-arm Fast,33,44,2,133.33333333333331,6.0606060606060606
SN Thakur,Other Pace/Spin,268,327,26,122.01492537313432,9.701492537313433
SO Hetmyer,Leg-break,70,93,3,132.85714285714286,4.285714285714286
SO Hetmyer,Other Pace/Spin,1084,1519,56,140.1291512915129,5.166051660516605
SO Hetmyer,Right-arm Fast,44,39,8,88.63636363636364,18.181818181818183
SP Fleming,Other Pace/Spin,171,196,9,114.61988304093566,5.263157894736842
SP Goswami,Other Pace/Spin,293,281,19,95.90443686006826,6.484641638225256
SP Jackson,Other Pace/Spin,45,50,5,111.11111111111111,11.11111111111111
SP Narine,Other Pace/Spin,1105,1670,88,151.13122171945702,7.963800904977375
SP Narine,Right-arm Off-break,62,133,1,214.51612903225805,1.6129032258064515
SPD Smith,Left-arm Orthodox,75,68,5,90.66666666666666,6.666666666666667
SPD Smith,Leg-break,75,67,1,89.33333333333333,1.3333333333333335
SPD Smith,Other Pace/Spin,1648,2112,66,128.15533980582526,4.0048543689320395
SPD Smith,Right-arm Fast,79,109,3,137.9746835443038,3.79746835443038
SPD Smith,Right-arm Off-break,82,89,3,108.53658536585367,3.6585365853658534
SR Tendulkar,Other Pace/Spin,1977,2253,67,113.96054628224583,3.388973191704603
SR Tendulkar,Right-arm Off-break,41,44,3,107.31707317073172,7.317073170731707
SR Watson,Left-arm Fast,33,25,1,75.75757575757575,3.0303030303030303
SR Watson,Left-arm Orthodox,57,74,5,129.82456140350877,8.771929824561402
SR Watson,Leg-break,81,106,3,130.8641975308642,3.7037037037037033
SR Watson,Other Pace/Spin,2570,3505,106,136.38132295719845,4.124513618677042
SR Watson,Right-arm Fast,62,43,4,69.35483870967742,6.451612903225806
SR Watson,Right-arm Off-break,85,115,7,135.29411764705884,8.235294117647058
SS Iyer,Left-arm Fast,52,68,1,130.76923076923077,1.9230769230769231
SS Iyer,Left-arm Orthodox,106,104,2,98.11320754716981,1.8867924528301887
SS Iyer,Left-arm Wrist-spin,93,184,3,197.8494623655914,3.225806451612903
SS Iyer,Leg-break,172,209,4,121.51162790697674,2.3255813953488373
SS Iyer,Other Pace/Spin,2815,3811,113,135.38188277087033,4.014209591474245
SS Iyer,Right-arm Fast,114,160,2,140.35087719298244,1.7543859649122806
SS Iyer,Right-arm Off-break,105,126,4,120.0,3.8095238095238098
SS Prabhudessai,Other Pace/Spin,95,106,7,111.57894736842104,7.368421052631578
SS Tiwary,Other Pace/Spin,1203,1391,43,115.62759767248545,3.5743973399833746
ST Jayasuriya,Other Pace/Spin,573,768,29,134.03141361256544,5.06108202443281
STR Binny,Other Pace/Spin,629,784,40,124.6422893481717,6.359300476947535
SV Samson,Left-arm Orthodox,64,82,3,128.125,4.6875
SV Samson,Left-arm Wrist-spin,59,80,1,135.59322033898303,1.694915254237288
SV Samson,Leg-break,162,182,7,112.34567901234568,4.320987654320987
SV Samson,Other Pace/Spin,3405,4880,149,143.31864904552128,4.375917767988253
SV Samson,Right-arm Fast,146,206,3,141.0958904109589,2.054794520547945
SV Samson,Right-arm Off-break,162,154,6,95.06172839506173,3.7037037037037033
SW Billings,Other Pace/Spin,341,431,23,126.39296187683284,6.744868035190615
Sachin Baby,Other Pace/Spin,114,134,10,117.54385964912282,8.771929824561402
Salman Butt,Other Pace/Spin,172,193,7,112.20930232558139,4.069767441860465
Sameer Rizvi,Other Pace/Spin,497,737,22,148.2897384305835,4.426559356136821
Sameer Rizvi,Right-arm Fast,51,32,0,62.745098039215684,0.0
Sandeep Sharma,Other Pace/Spin,69,54,4,78.26086956521739,5.797101449275362
Shahbaz Ahmed,Other Pace/Spin,409,481,23,117.60391198044009,5.623471882640587
Shahid Afridi,Other Pace/Spin,46,81,8,176.08695652173913,17.391304347826086
Shakib Al Hasan,Other Pace/Spin,572,666,37,116.43356643356644,6.468531468531468
Shakib Al Hasan,Right-arm Off-break,33,40,1,121.21212121212122,3.0303030303030303
Shashank Singh,Other Pace/Spin,554,875,21,157.942238267148,3.790613718411552
Shivam Mavi,Other Pace/Spin,51,43,7,84.31372549019608,13.725490196078432
Shivang Kumar,Other Pace/Spin,45,63,9,140.0,20.0
Shoaib Malik,Other Pace/Spin,49,52,4,106.12244897959184,8.16326530612245
Shubman Gill,Left-arm Fast,72,75,2,104.16666666666667,2.7777777777777777
Shubman Gill,Left-arm Orthodox,58,81,1,139.6551724137931,1.7241379310344827
Shubman Gill,Left-arm Wrist-spin,67,135,0,201.49253731343282,0.0
Shubman Gill,Leg-break,111,114,8,102.7027027027027,7.207207207207207
Shubman Gill,Other Pace/Spin,3037,4213,103,138.72242344418834,3.3915047744484688
Shubman Gill,Right-arm Fast,142,200,5,140.8450704225352,3.5211267605633805
Shubman Gill,Right-arm Off-break,124,167,3,134.6774193548387,2.4193548387096775
Sikandar Raza,Other Pace/Spin,138,180,5,130.43478260869566,3.6231884057971016
Sohail Tanvir,Other Pace/Spin,31,36,3,116.12903225806453,9.67741935483871
Sunny Singh,Other Pace/Spin,31,43,4,138.70967741935485,12.903225806451612
Swapnil Singh,Other Pace/Spin,42,42,5,100.0,11.904761904761903
T Kohler-Cadmore,Other Pace/Spin,54,48,3,88.88888888888889,5.555555555555555
T Stubbs,Other Pace/Spin,812,1199,24,147.6600985221675,2.955665024630542
T Stubbs,Right-arm Fast,31,32,1,103.2258064516129,3.225806451612903
TA Boult,Other Pace/Spin,77,80,8,103.89610389610388,10.38961038961039
TG Southee,Other Pace/Spin,103,119,9,115.53398058252426,8.737864077669903
TH David,Leg-break,34,32,6,94.11764705882352,17.647058823529413
TH David,Other Pace/Spin,717,1255,29,175.03486750348677,4.044630404463041
TH David,Right-arm Fast,35,66,0,188.57142857142856,0.0
TK Curran,Other Pace/Spin,88,90,5,102.27272727272727,5.681818181818182
TL Seifert,Other Pace/Spin,66,70,11,106.06060606060606,16.666666666666664
TL Suman,Other Pace/Spin,575,669,30,116.34782608695653,5.217391304347826
TM Dilshan,Other Pace/Spin,1028,1132,41,110.11673151750973,3.988326848249027
TM Head,Left-arm Fast,51,84,1,164.70588235294116,1.9607843137254901
TM Head,Leg-break,43,71,2,165.11627906976744,4.651162790697675
TM Head,Other Pace/Spin,994,1663,51,167.30382293762577,5.1307847082494975
TM Head,Right-arm Fast,50,61,4,122.0,8.0
TM Head,Right-arm Off-break,44,32,1,72.72727272727273,2.272727272727273
TR Birt,Other Pace/Spin,56,71,5,126.78571428571428,8.928571428571429
TU Deshpande,Other Pace/Spin,57,103,5,180.70175438596493,8.771929824561402
Tanush Kotian,Other Pace/Spin,32,24,1,75.0,3.125
Tilak Varma,Left-arm Fast,33,34,0,103.03030303030303,0.0
Tilak Varma,Left-arm Orthodox,37,49,1,132.43243243243242,2.7027027027027026
Tilak Varma,Left-arm Wrist-spin,45,64,0,142.22222222222223,0.0
Tilak Varma,Leg-break,110,158,3,143.63636363636363,2.727272727272727
Tilak Varma,Other Pace/Spin,1136,1651,51,145.33450704225353,4.48943661971831
Tilak Varma,Right-arm Off-break,67,76,4,113.43283582089552,5.970149253731343
UBT Chand,Other Pace/Spin,284,277,19,97.53521126760563,6.690140845070422
UT Khawaja,Other Pace/Spin,100,119,5,119.0,5.0
UT Yadav,Other Pace/Spin,182,177,17,97.25274725274726,9.340659340659341
Urvil Patel,Other Pace/Spin,40,74,6,185.0,15.0
V Kohli,Left-arm Fast,96,125,1,130.20833333333331,1.0416666666666665
V Kohli,Left-arm Orthodox,163,179,5,109.81595092024541,3.067484662576687
V Kohli,Left-arm Wrist-spin,64,75,1,117.1875,1.5625
V Kohli,Leg-break,147,209,3,142.17687074829934,2.0408163265306123
V Kohli,Other Pace/Spin,6437,8578,227,133.2608357930713,3.5264874941743045
V Kohli,Right-arm Fast,229,325,10,141.92139737991266,4.366812227074235
V Kohli,Right-arm Off-break,286,317,5,110.83916083916083,1.7482517482517483
V Nigam,Other Pace/Spin,99,175,8,176.76767676767676,8.080808080808081
V Sehwag,Other Pace/Spin,1724,2560,94,148.49187935034803,5.452436194895592
V Sehwag,Right-arm Fast,32,38,1,118.75,3.125
V Sehwag,Right-arm Off-break,40,65,1,162.5,2.5
V Shankar,Left-arm Orthodox,40,25,0,62.5,0.0
V Shankar,Other Pace/Spin,827,1063,39,128.53688029020554,4.71584038694075
V Shankar,Right-arm Fast,33,29,1,87.87878787878788,3.0303030303030303
V Shankar,Right-arm Off-break,32,43,2,134.375,6.25
V Suryavanshi,Other Pace/Spin,578,1339,30,231.66089965397924,5.190311418685121
V Suryavanshi,Right-arm Off-break,32,26,1,81.25,3.125
VR Aaron,Other Pace/Spin,63,45,3,71.42857142857143,4.761904761904762
VR Iyer,Leg-break,57,74,3,129.82456140350877,5.263157894736842
VR Iyer,Other Pace/Spin,1028,1377,47,133.94941634241243,4.571984435797665
VR Iyer,Right-arm Fast,47,60,2,127.65957446808511,4.25531914893617
VR Iyer,Right-arm Off-break,32,36,0,112.5,0.0
VVS Laxman,Other Pace/Spin,270,281,16,104.07407407407408,5.9259259259259265
Vishnu Vinod,Other Pace/Spin,48,44,6,91.66666666666666,12.5
Vivrant Sharma,Other Pace/Spin,49,69,1,140.81632653061226,2.0408163265306123
W Jaffer,Other Pace/Spin,129,130,7,100.7751937984496,5.426356589147287
WA Mota,Other Pace/Spin,72,54,4,75.0,5.555555555555555
WD Parnell,Other Pace/Spin,73,59,7,80.82191780821918,9.58904109589041
WG Jacks,Other Pace/Spin,324,525,16,162.03703703703704,4.938271604938271
WP Saha,Left-arm Fast,33,40,3,121.21212121212122,9.090909090909092
WP Saha,Left-arm Orthodox,43,48,2,111.62790697674419,4.651162790697675
WP Saha,Leg-break,55,59,4,107.27272727272728,7.2727272727272725
WP Saha,Other Pace/Spin,2050,2557,101,124.73170731707317,4.926829268292683
WP Saha,Right-arm Fast,77,96,5,124.67532467532467,6.493506493506493
WP Saha,Right-arm Off-break,90,107,4,118.88888888888889,4.444444444444445
WPUJC Vaas,Other Pace/Spin,71,79,7,111.26760563380283,9.859154929577464
Washington Sundar,Other Pace/Spin,672,890,44,132.44047619047618,6.547619047619048
Washington Sundar,Right-arm Fast,34,29,3,85.29411764705883,8.823529411764707
Y Nagar,Other Pace/Spin,237,262,15,110.54852320675106,6.329113924050633
Y Venugopal Rao,Other Pace/Spin,828,943,39,113.88888888888889,4.710144927536232
YBK Jaiswal,Leg-break,73,85,4,116.43835616438356,5.47945205479452
YBK Jaiswal,Other Pace/Spin,1803,2713,69,150.471436494731,3.826955074875208
YBK Jaiswal,Right-arm Fast,110,138,4,125.45454545454547,3.6363636363636362
YBK Jaiswal,Right-arm Off-break,36,43,3,119.44444444444444,8.333333333333332
YK Pathan,Left-arm Orthodox,47,61,0,129.7872340425532,0.0
YK Pathan,Other Pace/Spin,2170,3032,101,139.72350230414747,4.654377880184332
YK Pathan,Right-arm Fast,37,41,2,110.8108108108108,5.405405405405405
YK Pathan,Right-arm Off-break,44,57,4,129.54545454545453,9.090909090909092
YS Chahal,Other Pace/Spin,85,34,6,40.0,7.0588235294117645
YV Takawale,Other Pace/Spin,168,182,6,108.33333333333333,3.571428571428571
Yashpal Singh,Other Pace/Spin,63,42,4,66.66666666666666,6.349206349206349
Yuvraj Singh,Other Pace/Spin,1987,2521,104,126.87468545546051,5.234021137393055
Yuvraj Singh,Right-arm Fast,51,49,1,96.07843137254902,1.9607843137254901
Yuvraj Singh,Right-arm Off-break,96,80,1,83.33333333333334,1.0416666666666665
Z Khan,Other Pace/Spin,135,113,15,83.7037037037037,11.11111111111111
